sentence_text_en,sort_order,tier,title,description,weakness_names
"If my friends are sitting in leisure, I take them with me to do some new job.",1,local,The Idle Corner Takeover,"Visit a chai shop, colony park, or building lobby where friends/strangers sit idle. Identify 3 people who have been sitting for 30+ minutes with no goal. Without asking for permission, initiate a micro-project on the spot — arrange a ring-toss tournament with water bottles, start a debate game, or challenge them to a 60-second business idea contest. Observe who joins and who resists.",Defeated mindset
"If my friends are sitting in leisure, I take them with me to do some new job.",2,local,The Neighbourhood Problem Sprint,"Walk through your locality for 45 minutes. Identify one visible problem — a blocked drain, a broken streetlight, illegible signage, a dirty compound. Without forming a committee or waiting for permission, solve it physically within the next 2 hours using available local resources. Bring 1-2 friends who were previously at home doing nothing.",Defeated mindset
"If my friends are sitting in leisure, I take them with me to do some new job.",3,local,The Productive Procrastinator's Trap,"Every Sunday for 4 weeks, visit a friend's house or hostel room where everyone is lying idle. Announce a One-Hour Value Bomb — a completely unplanned skill-share where each person must teach something for 7 minutes: a coding trick, a recipe, a life hack, a song, anything. You organise, moderate, and execute with zero preparation beyond showing up.",Defeated mindset
"If my friends are sitting in leisure, I take them with me to do some new job.",1,national,The Railway Station Energy Scan,"At a busy Indian railway station, spend 3 hours observing and engaging. Find 5 co-passengers who are idle and bored during a long wait. Initiate a structured group conversation — Tell me one thing you did last week that you are proud of. Track how many people open up, how energy builds, and how you feel leading a spontaneous gathering of strangers from different states.",Defeated mindset
"If my friends are sitting in leisure, I take them with me to do some new job.",1,international,Attend a State-Level Youth Convention Uninvited,"Find a national-level government or NGO youth event, hackathon, or skill fair in your state. Attend — even without registration — by showing up at the venue with a handwritten one-page value proposition of what you can contribute. Speak to at least 10 participants. Volunteer for any task not yet assigned. Do not wait to be called; insert yourself into action.",Defeated mindset
"If my friends are sitting in leisure, I take them with me to do some new job.",2,international,The Inter-City Skill Barter Mission,"Travel to a city you have never lived in. Spend 5 days with no tourist agenda — only a skill-barter mission. Every day, identify someone doing skilled work (a dhaba owner, a carpenter, a street magician, a roadside mechanic) and offer to help them for 2 hours in exchange for learning their skill for 2 hours. Document what you built each day.",Defeated mindset
"If my friends are sitting in leisure, I take them with me to do some new job.",3,international,The Global Idle Hour Reversal,"Join 3 international online communities (Reddit, Discord, LinkedIn Groups) focused on productivity, entrepreneurship, or skill-building. Every day for 21 days, post one action prompt — a challenge, question, or micro-task that gets idle members to do something in the next 60 minutes. Track engagement and responses. Respond to every person who acts.",Defeated mindset
"If my friends are sitting in leisure, I take them with me to do some new job.",4,international,The UN SDG Volunteer Audit,"Identify an international volunteer program tied to the UN Sustainable Development Goals through platforms like UN Volunteers, Idealist, or Catchafire and apply to a project that is currently stuck or stalled. Join their team and in your first week, create and present a 1-page restart plan for what can be done right now without extra resources. Execute the first step yourself.",Defeated mindset
"If my friends are sitting in leisure, I take them with me to do some new job.",5,international,The 72-Hour Cross-Country Action Pact,"Find 3 people from 3 different countries through social platforms (LinkedIn, Bumble BFF, Meetup). Form a 72-hour Action Pact group. Each person must complete one thing they have been postponing for 30+ days — within 72 hours. You coordinate, check in every 12 hours, and hold each other accountable. Do this for 3 consecutive rounds with different people each time.",Defeated mindset
I can easily elaborate about anything I did in last three months and reasons thereof.,1,local,The Story-to-Start Hijack,"Gather 4-6 friends in a common space — canteen, terrace, or park. Instead of narrating your past month, launch a live micro-project within 3 minutes of arriving. A 20-minute skill-swap, a 60-second pitch contest, or a rapid problem-walk. No warm-up. No explanation. Move first and pull them in by starting.",Defeated mindset
I can easily elaborate about anything I did in last three months and reasons thereof.,1,national,The Pitch-Without-Pedigree Sprint,"At a state-level career mela, youth summit, or skill fair, spend 4 hours approaching 10 strangers or officials. Rule: you may not reference anything you did in the last three months. Your only offer is a live action you can perform for them in the next 60 minutes, on-site. No portfolio. No backstory. Only present observation and a present offer.",Defeated mindset
I can easily elaborate about anything I did in last three months and reasons thereof.,1,international,The 21-Day Forward-Only Broadcast,"Join 3 international communities on Reddit, LinkedIn, or Discord. For 21 days, post one piece of content daily — with an absolute ban on retrospective framing. No 'last month I.' Every post must be a live initiation: a project you are starting today, a challenge you are launching this hour. Close every post with a time-bound call to action readers can take within 60 minutes.",Defeated mindset
I don't wait for someone to assign me me some tasks.,1,local,The Unassigned Task Takeover,"Go to any space where visible work is happening but nobody is coordinating — a college event setup, a building society meeting, a local NGO packing day, a neighbourhood clean-up with no leader. Without seeking permission, identify the single most neglected task, announce you are handling it, and execute within 30 minutes using only what is available on-site. Repeat in 3 different settings across one week.",Defeated mindset
I don't wait for someone to assign me me some tasks.,1,national,The Vacancy Filler Sprint,"Travel to a national-scale event — a government career fair, state-level youth festival, inter-college competition, or district skill mela. Spend 4 hours identifying tasks that are clearly needed but have no one assigned to them: an unmanned information desk, a disorganised queue, a blank display board, a stalled registration table. Step into each gap and execute — no approval, no badge, no introduction. Do this for at least 5 separate unassigned roles across the day.",Defeated mindset
I don't wait for someone to assign me me some tasks.,1,international,The Orphaned Problem Fixer,"Across 3 international online communities on Reddit, Discord, or LinkedIn, spend one week identifying problems that exist but have no owner — an unanswered thread ignored for days, a resource the community repeatedly requests but no one has built, a recurring question with no pinned answer. Without asking permission from moderators or members, create and deliver the complete solution. Do this for at least 5 separate orphaned problems across the week.",Defeated mindset
I contemplate and contextualize my place in the order of the world and try to accept all others' place in my life too.,1,local,Spend 3 hours at a cremation ground in complete silence,"Visit any municipal shamshan ghat in your city between 6-9 AM on a weekday. Sit at a distance and observe — the rituals, the faces of families, the workers who do this every single day, the smoke, the impermanence. Do not use your phone. Do not speak. Note one moment where someone's expression shifts from grief to a kind of quiet acceptance.",Little self-reflection
I contemplate and contextualize my place in the order of the world and try to accept all others' place in my life too.,1,national,Visit the National War Memorial and read names aloud,"The National War Memorial in New Delhi inscribes the names of 25942 soldiers who died in service since Independence. Walk the entire perimeter. Read at least 50 names aloud — quietly, so only you can hear. For each name, pause for 3 seconds and acknowledge this person's place in the world's order. If unable to visit in person, use the Memorial's official digital wall at nationalwarmemorial.gov.in.",Little self-reflection
I contemplate and contextualize my place in the order of the world and try to accept all others' place in my life too.,1,international,Watch the Overview Effect documentary and write a Pale Blue Dot position statement,"Watch the 2012 documentary Overview (free on YouTube, 19 minutes) featuring astronauts describing the cognitive shift that occurs when seeing Earth from orbit. Immediately after watching, write a 200-word Pale Blue Dot Position Statement — a personal declaration of your actual place in the physical, social, and temporal order of the world. Write it in second person and end with one sentence about one person in your life whose place you currently struggle to accept.",Little self-reflection
"I set aside dedicated time daily for practices like meditation, prayer, or self-reflection",1,local,Observe a Masjid / Temple / Gurudwara morning routine,"Visit any local mosque for the Fajr (pre-dawn) prayer or a Sikh Gurudwara for the Amrit Vela session between 3-6 AM. Observe how 30-200 ordinary working people — rickshaw drivers, shopkeepers, teachers — physically rise before sunrise solely for structured inner practice.",Little self-reflection
"I set aside dedicated time daily for practices like meditation, prayer, or self-reflection",1,national,Shadow a Vipassana Centre volunteer for 3 consecutive days,"Attend a 3-day orientation program at any Dhamma centre (e.g. Dhamma Giri in Igatpuri or Dhamma Setu in Chennai). Serve as a volunteer — cleaning, cooking, arranging halls — and observe how 150+ people from every profession maintain complete silence and 10+ hours of daily sitting practice.",Little self-reflection
"I set aside dedicated time daily for practices like meditation, prayer, or self-reflection",1,international,Live-stream the Japanese temple daily 5 AM zazen sitting,"Multiple Zen temples in Kyoto stream their daily 5 AM zazen sessions publicly. Watch 3 consecutive sessions across a week — note the absolute consistency of the bell ringing at the same second each day regardless of weather, season, or global events.",Little self-reflection
"At the end of the day, I reflect on my actions and their outcomes to understand and improve myself",1,local,Sit in on a post-match debrief session of a local sports team,"Contact the coach of any local school cricket, football, or kabaddi team and request permission to observe their post-match debrief — held immediately after the game. Observe how the coach walks every player through specific decisions they made in real time.",Little self-reflection
"At the end of the day, I reflect on my actions and their outcomes to understand and improve myself",1,national,Attend an After Action Review session at an NDRF or civil defence unit,"The National Disaster Response Force conducts mandatory After Action Reviews after every drill and deployment. Write to your nearest NDRF battalion requesting observer access to a post-drill AAR. Alternatively, contact your city's Civil Defence office — most hold structured post-exercise reviews that civilians can attend with prior written permission. Note the three-question format: What was planned? What actually happened? Why was there a gap?",Little self-reflection
"At the end of the day, I reflect on my actions and their outcomes to understand and improve myself",1,international,Read aviation CRM debrief transcripts from the Aviation Safety Network,"The Aviation Safety Network publishes post-incident and post-accident investigation reports globally — many of which include verbatim reconstructions of cockpit crew debriefs where pilots and co-pilots analyse their own real-time decision-making errors. Read 3 complete reports. For each, map the gap between the crew's intended action, their actual action, and the outcome. Handwrite a one-paragraph summary of where the reflection broke down.",Little self-reflection
"I consciously practice gratitude, focusing on the positive aspects of your life.",1,local,Spend 2 hours at a government hospital cancer ward waiting area,"Visit the outpatient waiting area of any government district hospital's oncology wing in your city. Do not interact — simply observe. Watch patients and their families wait for hours with no certainty about outcomes. Note one person who smiles, cracks a joke, or shares food from a tiffin with a stranger despite the circumstances.",Little self-reflection
"I consciously practice gratitude, focusing on the positive aspects of your life.",1,national,Attend a Thank You India session at a Bharat Scouts and Guides district rally,"Bharat Scouts and Guides conducts district and state-level rallies across India where the formal agenda includes structured public expressions of gratitude — to the nation, to mentors, to nature. Contact your district's BSG office and attend as an observer. Note how 200-500 young people systematically articulate specific positives from their lives in a structured, non-religious, nationally-organized format.",Little self-reflection
"I consciously practice gratitude, focusing on the positive aspects of your life.",1,international,Watch 3 episodes of StoryCorps and transcribe one gratitude statement by hand,"StoryCorps is a national US oral history project (archived at the Library of Congress) where ordinary Americans record 40-minute conversations — many of which center on gratitude. Watch 3 episodes available free at storycorps.org. After each, handwrite (not type) one specific gratitude statement that a speaker made. Keep the three handwritten slips in your wallet for one week.",Little self-reflection
I can complete a task without making any mess of it by exercising a great restraint to not rush the completion of the task.,1,local,The Public Garden Pruner,"Observe a gardener for 4 hours as they prune a complex hedge or rose garden in a community park. Example: A municipal gardener in a city botanical garden meticulously trimming a topiary. Demonstrates that completing the task is a slow, iterative process that cannot be forced.",Defeated mindset
I can complete a task without making any mess of it by exercising a great restraint to not rush the completion of the task.,1,national,The General Class Queue Simulation,"Go to a major railway station and stand in the physical unreserved ticket counter queue during peak hours. Example: Standing at Pune Junction or CSMT Mumbai for a platform ticket, maintaining a 1-foot physical distance from the person ahead, despite the push. National-level crowds trigger the urge to rush and shove; restraint here is a physical victory over the defeated urge to break the line.",Defeated mindset
I can complete a task without making any mess of it by exercising a great restraint to not rush the completion of the task.,1,international,The Micro-Lego Global Landmark,Build a 1000+ piece miniature of a global landmark (like the Eiffel Tower or Taj Mahal) using Nano-blocks. Example: Assembling the dome of a Nano-block Taj Mahal where pieces are smaller than a fingernail. Demonstrates that rushing leads to a structural mess that cannot be fixed without starting over.,Defeated mindset
"I can complete my work by finding appropriate alternatives for tools, people, and methods, and by getting the cooperation as I need.",1,local,The Langar Logistics,Participate for 2 hours in a community kitchen (like a Gurudwara) during a sudden influx of people. Example: Observing how the team shifts from using a large gas stove to a traditional wood-fired Chulha when a cylinder runs out. Shows a physical shift in methods to ensure the goal (feeding people) is completed without a mess.,Defeated mindset
"I can complete my work by finding appropriate alternatives for tools, people, and methods, and by getting the cooperation as I need.",1,national,Railway Station Manual Signaling,Visit a railway cabin or watch a documentary on Indian Railways manual track-switching during a power failure. Example: A station master using a physical token or hand-cranked lever to move a heavy track point. Shows that a national system remains resolute by having alternative methods for every automated process.,Defeated mindset
"I can complete my work by finding appropriate alternatives for tools, people, and methods, and by getting the cooperation as I need.",1,international,The Global Supply Chain Pivot,Observe how a multinational like Apple or Tata Motors shifts production during a global semiconductor shortage. Example: Tata Motors redesigning car motherboards to use available chips instead of waiting for the original ones. Shows that international success depends on the resoluteness to change methods when global tools fail.,Defeated mindset
"I can maintain the intensity with which I resolve something, till the goal is achieved.",1,local,The Ghat Stone-Breaker,"Observe a manual stone-breaker or construction laborer at a local site in Pune or Mumbai for 3 hours. Example: Watch a worker using a sledgehammer to break granite — the 100th strike must hit with the exact same velocity and angle as the 1st. If the intensity drops, the stone doesn't break.",Defeated mindset
"I can maintain the intensity with which I resolve something, till the goal is achieved.",1,national,The ISRO Vibration Test,Observe a documentary on how ISRO tests rocket components against launch loads. Example: A satellite being shaken at high frequencies for hours to ensure not a single bolt loosens under the intensity. A national goal must be built to withstand intensity that tests every single component to its absolute limit.,Defeated mindset
"I can maintain the intensity with which I resolve something, till the goal is achieved.",1,international,The Kyoto Zen Monk,Study the 4-hour gravel raking ritual in a Japanese Zen Garden. Example: A monk creating perfectly parallel lines in the sand where the last line must be indistinguishable from the first. Global standards of peace and perfection are achieved through an intensity that ignores the passage of time.,Defeated mindset
"I have a well-defined daily routine, and I follow it to carry out my work.",1,local,The Halwai Morning Sweep,"Visit a local traditional sweet shop (Mithai shop) at 5:00 AM. Example: Watching the head Halwai in Pune's Camp area start the day — cleaning the Kadhai, lighting the flame, and the first pour of milk, always in the same order. Exposes how a well-defined routine at the local level ensures consistency in a messy environment.",Defeated mindset
"I have a well-defined daily routine, and I follow it to carry out my work.",1,national,The Post Office Sorting Desk,"Visit a GPO (General Post Office) during the sorting hour. Example: Postal workers in Kolkata sorting thousands of letters into pin-code slots with a rhythmic, mechanical hand movement. Shows that national communication relies on a physical routine that operates like a machine.",Defeated mindset
"I have a well-defined daily routine, and I follow it to carry out my work.",1,international,The Sushi Rice Prep,Study the rice preparation routine of a high-end sushi chef. Example: A chef in a global hub like New York or Tokyo who washes the rice exactly 50 times in a specific circular motion every morning. Global culinary excellence is achieved when the routine becomes an art form.,Defeated mindset
I can move forward with confidence in my own abilities.,1,local,The Blind Flour-Grinder,Visit a local small-scale flour mill (Atta Chakki) in a crowded market. Example: Watch the operator adjust the stone pressure by sound alone — he trusts his ears to know the fineness without looking at the flour. Exposes ability confidence: moving forward based on internal sensory data despite a distracting environment.,Defeated mindset
I can move forward with confidence in my own abilities.,1,national,The Statue of Unity Maintenance,"Study the high-altitude cleaning protocols for the world's tallest statue in Gujarat. Example: Workers suspended 500 feet in the air, moving forward with confidence in their own knot-tying and harness-checking abilities. A national-scale metaphor for moving forward — if they doubted their ability, they could never step off the ledge.",Defeated mindset
I can move forward with confidence in my own abilities.,1,international,The Air Traffic Control Audio,"Listen to (or study the protocol of) an AAI (Airports Authority of India) controller during a storm. Example: The controller giving a vector command to a pilot — they cannot say 'Umm, wait, let me rethink.' They must speak with absolute vocal confidence. National safety is built on the controller's confidence in their own data interpretation.",Defeated mindset
I always complete the work I undertake.,1,local,Observe 3 Local Shopkeepers for 5 Consecutive Days,"Stand for 20 minutes daily at the same time near three different shops in your area (kirana store, stationery shop, tea stall). Note whether they open on time, whether they serve customers fully even near closing time, and how they handle low-customer days. Example: Small vendors in Pune's Laxmi Road market who open daily even during low sales periods. Resoluteness begins with daily operational completion despite low motivation.",Defeated mindset
I always complete the work I undertake.,1,national,Track One Government Scheme from Launch to Implementation,"Select one scheme and track its announcement date, milestone updates, and public feedback. Example: Swachh Bharat Mission — from announcement to toilet construction targets. Large-scale completion requires sustained resolve across years — opposite of defeated thinking.",Defeated mindset
I always complete the work I undertake.,1,international,30-Day Fitness Community Participation,Join a global online challenge and post daily proof publicly for 30 days. Example inspiration: Global discipline culture promoted by Nike training communities. External accountability kills the quitting habit.,Defeated mindset
"Even when many people oppose my opinions, I stand by my opinions and ensure that what is pre-determined happens.",1,local,The Contested Ground Stand,"Visit a local college canteen, housing society notice board, or neighbourhood WhatsApp group where a disputed decision is being debated. Identify a position you genuinely believe is correct. Publicly state it, in full, to the group — in person or in writing. When challenged, do not qualify or soften it. Hold it for the entire interaction and redirect every counter-argument back to the core logic of your position.",Defeated mindset
"Even when many people oppose my opinions, I stand by my opinions and ensure that what is pre-determined happens.",2,local,The Three-Refusal Return,"Identify a recurring local decision — a shop's operating hours, a colony rule, a class schedule — that you believe is wrong. Draft a one-page written case for changing it. Present it to the decision-maker in person. When they reject it, do not accept the first 'no' as final. Return with the same argument, sharpened, within 48 hours. Do this for three consecutive refusals before accepting the outcome.",Defeated mindset
"Even when many people oppose my opinions, I stand by my opinions and ensure that what is pre-determined happens.",3,local,The Unpopular Side Debate,"Organise a 90-minute Conviction Debate in your locality or college — invite 6 to 10 people. Assign yourself the most unpopular side of a real local issue. Argue it to completion without conceding the central claim, even if the room unanimously opposes you. After the debate, publicly announce which elements of your position you still hold and why. Do not perform a false 'I see your point' reversal to end on good terms.",Defeated mindset
"Even when many people oppose my opinions, I stand by my opinions and ensure that what is pre-determined happens.",1,national,The 7-Day National Stand,"Join a national online forum — Quora, Reddit India, LinkedIn — where a contested professional or social topic is actively debated. Post a detailed, reasoned position on something you genuinely believe. When you receive mass downvotes or hostile replies, respond to each substantive challenge with an equally specific counter-argument. Do not delete the post. Do not edit the core claim. Hold it for 7 days.",Defeated mindset
"Even when many people oppose my opinions, I stand by my opinions and ensure that what is pre-determined happens.",2,national,The Formal Public Dissent,"Identify a live national policy, civic decision, or public institutional practice you genuinely disagree with. Write a formal one-page dissent letter addressed to the relevant authority — a ministry, a university board, a national NGO. Send it via official email and post it publicly on your social profile simultaneously. When challenged, share the full letter again without modifications.",Defeated mindset
"Even when many people oppose my opinions, I stand by my opinions and ensure that what is pre-determined happens.",1,international,The 14-Day International Conviction Hold,"Join 2 international communities — a global policy Discord, a cross-border Reddit forum, a LinkedIn global group — where a contested issue intersects with your area of belief. Post a clearly attributed personal position on something the majority of that community disagrees with. Engage with every rebuttal in English for 14 consecutive days. On Day 14, post a conviction audit — what you held, what was challenged, and what you still believe and why.",Defeated mindset
"Once something is achieved, I have a desire to make it happen repeatedly and on a larger scale.",1,local,The Doubled-Down Street Win,"Identify one small thing you have already done successfully in your locality — organised a cricket match, sold homemade food, fixed a common area, ran one tutoring session. Within 7 days, do it again but recruit exactly double the participants and double the output target. No planning meetings. Just announce the date, show up, and execute.",Defeated mindset
"Once something is achieved, I have a desire to make it happen repeatedly and on a larger scale.",2,local,The Personal Record Breaker,"Pick one physical, creative, or social act you have already done once — cooked a dish, ran a distance, wrote a blog post, spoke at a gathering. Give yourself 72 hours to beat your own record in a way that is measurable and witnessed by at least 3 people. The witness requirement is non-negotiable. No solo performances count.",Defeated mindset
"Once something is achieved, I have a desire to make it happen repeatedly and on a larger scale.",3,local,The Colony Replication Engine,"Take one project, habit, or initiative you have already completed — however small — and spend one week running it in two adjacent streets or societies simultaneously. You must personally coordinate both sites, show up at both, and produce a single combined output at the end of the week that documents both runs.",Defeated mindset
"Once something is achieved, I have a desire to make it happen repeatedly and on a larger scale.",1,national,The City-to-City Victory Transfer,"Take one successful action you have already completed in your city and replicate it in one other Indian city within 21 days. Execute it with locals from that city who you have never met, briefing them via phone or voice note only. No travel required. Use them as your hands.",Defeated mindset
"Once something is achieved, I have a desire to make it happen repeatedly and on a larger scale.",2,national,The Open Invitation Amplifier,"Find a national online group, forum, or community (LinkedIn, Reddit, Telegram) where your already-executed achievement is relevant. Post about it — not as a brag, but as an open invitation: 'I did X. Here is exactly how. Who wants to do it in their city this month? I will support you live.' Then actually support every person who raises their hand.",Defeated mindset
"Once something is achieved, I have a desire to make it happen repeatedly and on a larger scale.",3,national,The 5-City Same-Day Blitz,"Identify one achievable, repeatable action you have done before — a group exercise session, a debate game, a neighbourhood quiz — and coordinate it to happen in 5 different Indian cities on the same day, at roughly the same time, with local coordinators you recruit this week. You direct all 5. Collect outcome logs from each city within 48 hours.",Defeated mindset
"Once something is achieved, I have a desire to make it happen repeatedly and on a larger scale.",1,international,The Global Replication Request,"Identify the single most successful thing you have done in the past 6 months. Write a 200-word description of exactly how you did it — the trigger, the steps, the result. Post it in 3 international communities on LinkedIn, Reddit, or Discord with this exact challenge: 'I ran this in India. Someone in another country — run it in your city this week and share your result here.' Respond personally to every person who posts an outcome.",Defeated mindset
"Once something is achieved, I have a desire to make it happen repeatedly and on a larger scale.",2,international,The International Benchmark Chase,"Find one person internationally — via LinkedIn or a global Slack community — who has done the same type of thing you have already done, but at a scale 5x larger. Study their result for 30 minutes, then within 48 hours attempt the next level of your own achievement with their scale as your benchmark. Contact them after your attempt and share your result as a comparison.",Defeated mindset
"Once something is achieved, I have a desire to make it happen repeatedly and on a larger scale.",3,international,The Cross-Border Scaling Pact,"Find 2 people from 2 different countries who have each completed one significant personal project. Form a 30-day Scaling Pact — each person must take their completed project and expand it by at least 3x in 30 days, checking in every 5 days with a voice note update. At Day 30, each presents their before/after in a single 15-minute group call.",Defeated mindset
My thinking is strictly positive.,1,local,Travel to a new place without GPS,"Travel to a completely new place using only public transport, without the use of GPS or navigation applications. The individual will make mistakes, recalculate routes, and ask strangers for help. Learning: Clarity comes from adaptation, not assumption.",No clarity
My thinking is strictly positive.,1,national,Task Execution With Incomplete Instructions,"Complete a task where instructions are intentionally unclear or minimal. Examples: Prepare a short presentation with only a topic given; organise a task without format guidelines; complete an assignment without a model answer. Learning: Clarity develops through action, not waiting.",No clarity
My thinking is strictly positive.,1,international,Rapid Decision-Making Exposure,"Make three real-life decisions daily within 60 seconds, without overthinking. Examples: Choosing a route, responding to a message, selecting tasks to prioritise. Learning: Clarity strengthens through decisiveness, not doubt.",No clarity
I can talk in front of any (small / big) group of people,1,local,Daily Social Exposure - 7 Days,"For seven consecutive days, speak to one new stranger daily. The brain learns through repeated exposure that speaking does not result in danger, social responses are neutral or positive, and fear naturally reduces with repetition.",Bad communication
I can talk in front of any (small / big) group of people,1,national,Daily Stage Creation,"Create a stage-like environment every day. Examples include: standing in front of three people and explaining a news story, presenting a topic to family members, teaching a concept to friends, speaking during online meetings. Trains the nervous system to tolerate attention and reduces performance anxiety.",Bad communication
I can talk in front of any (small / big) group of people,1,international,Weekly Rejection Exposure,"Once every week, intentionally ask for something that may be rejected, such as: asking for a discount, asking for free coffee, asking to speak on stage, asking for extra time. The objective is not success, but survival of rejection — demonstrating that rejection is not dangerous and embarrassment is survivable.",Bad communication
"When friends, relatives, or acquaintances face a problem, first thing that comes to my mind is about the ways in which I can help them.",1,local,Seven-day emotional observation mission,"Daily mission: Observe 5 people closely, identify mood shifts (sad, anxious, withdrawn, angry), choose one person showing distress, start a conversation. Write what sign you noticed, what they shared, and how you responded. Builds emotional perception skill.",Less sensitivity / empathy
"When friends, relatives, or acquaintances face a problem, first thing that comes to my mind is about the ways in which I can help them.",1,national,Weekly responsibility for supporting one person with a real problem,Choose one person with a real problem. Take responsibility to support them. Check on them daily. Help practically or emotionally. Psychological effect: Builds emotional ownership.,Less sensitivity / empathy
"When friends, relatives, or acquaintances face a problem, first thing that comes to my mind is about the ways in which I can help them.",1,international,Weekly perspective-writing exercise from another person's viewpoint,"Once a week: Write a page from another person's perspective, describe their problem as if it is yours, describe their fear, describe their pain. Activates emotional imagination.",Less sensitivity / empathy
"I can present my point publicly in front of everyone, whether they are small or big personalities.",1,local,Daily Senior Interaction,"For 14 days: Speak daily to someone senior, ask one question, share one idea. Track every interaction. Effect: Breaks fear-conditioning toward authority figures.",Lack of self-respect
"I can present my point publicly in front of everyone, whether they are small or big personalities.",1,national,The Executive Presence Drill,"Once a week: Attend a formal meeting, sit in front, make eye contact with leaders, speak at least once. Builds leadership identity and reduces power-distance fear.",Lack of self-respect
"I can present my point publicly in front of everyone, whether they are small or big personalities.",2,national,Weekly Idea Presentation,"Once every week: Prepare one idea related to work or study, request 5 minutes with a senior, present your idea confidently, ask for feedback. Removes fear of hierarchical conversations.",Lack of self-respect
"I can present my point publicly in front of everyone, whether they are small or big personalities.",1,international,Professional Networking at an event,"At a professional event: Introduce yourself to 5 senior professionals, exchange business cards, ask about their work. Eliminates intimidation in high-status interactions.",Lack of self-respect
"Regardless of how much people try to convince me otherwise or oppose my work, I can fearlessly carry out what I have decided.",1,local,The 7-Day Public Disagreement Stand,"Choose one widely accepted local rule or norm you genuinely disagree with. For 7 consecutive days, physically position yourself at the relevant decision-making space holding a handmade sign stating your dissenting view for 30 minutes daily. Engage calmly with anyone who questions you. Document daily interactions in a voice diary. Real-life parallel: Irom Sharmila's 16-year hunger strike in Manipur.",Tendency to avoid conflict
"Regardless of how much people try to convince me otherwise or oppose my work, I can fearlessly carry out what I have decided.",1,national,The Bureaucratic Marathon,"Identify one state-level systemic failure affecting you directly. Physically visit the relevant office 8 times over 4 weeks. Each visit: arrive at 10 AM, wait until you meet the actual decision-maker, carry a physical complaint register and get stamped acknowledgment, take a selfie at the office entrance with date stamp. Never raise your voice; never threaten; never bribe. Real-life parallel: RTI activist Shailesh Gandhi.",Tendency to avoid conflict
"Regardless of how much people try to convince me otherwise or oppose my work, I can fearlessly carry out what I have decided.",1,international,The 30-Day Global Voice Project,"Join 4 different international online platforms (Reddit's r/ChangeMyView, Model UN Discord, Quora International, X/Twitter debates on global issues). Post one well-reasoned unpopular opinion each week (4 total) on genuinely divisive topics. Do not delete posts. Respond to criticism once per critic, then maintain silence. Keep all posts live for full 30 days. Real-life parallel: Greta Thunberg's Fridays For Future posts.",Tendency to avoid conflict
"I ask for feedback on my actions, work, or behavior",1,local,The Silent Decision Week,"For 7 consecutive days, make every decision without asking anyone's opinion. When people offer unsolicited advice, respond with: Thank you, I have already decided. Keep a daily journal documenting what decisions you made alone, how many times you suppressed the urge to ask for opinions, and your confidence level before and after each major decision.",Imbalance in employing strengths
"I ask for feedback on my actions, work, or behavior",1,national,The Solo Policy Position Paper,"Choose one current state or national policy debate. Spend 14 days researching and writing a comprehensive 3000-word position paper expressing your own view. Research phase (days 1-7): read without forming opinions yet. Analysis phase (days 8-14): lock yourself in a room for 3 hours daily, disconnect from internet, and write your position using only your notes. On day 15, publish it with your real name.",Imbalance in employing strengths
"I ask for feedback on my actions, work, or behavior",1,international,The 21-Day Global Opinion Fast,"Join 3 international online communities. For 21 consecutive days: read all discussions daily but post nothing for the first 14 days, then post your views on 7 different major debates (one per day on days 15-21), respond to criticism once per critic maximum then go silent, and on day 21 post a final reflection about what you learned by listening before speaking.",Imbalance in employing strengths
I can easily elaborate about anything I did in last three months and reasons thereof.,2,local,The 7-Day I Fixed It Challenge,"For 7 consecutive days, identify and physically fix one broken/inefficient thing in your immediate environment each day — without asking permission, without announcing it, without explaining why. Examples: broken chair in college common room, overflowing dustbin, dim corridor lightbulb, messy society notice board. Fix it yourself using your own money/resources (max Rs 500 per fix). Take before/after photos. On day 8, create a single social media post showing all 7 fixes with title: '7 Days. 7 Problems. 0 Meetings.' No explanations in the post — just photos.",Defeated mindset
I can easily elaborate about anything I did in last three months and reasons thereof.,2,national,The 14-Day Policy Action Experiment,"Identify one specific state or national policy failure affecting you directly. Over 14 days, take escalating actions: Days 1-3: File formal written complaint through official channels. Days 4-7: Visit the responsible office physically 3 times — each time sit until you meet an officer, get stamped acknowledgment. Days 8-10: Contact 2 local media outlets offering to share your documented journey. Days 11-14: Publish your own detailed public account on social media and local community forums titled '14 Days, 3 Office Visits, 2 Media Contacts: Here's What Happened.'",Defeated mindset
I can easily elaborate about anything I did in last three months and reasons thereof.,2,international,The 21-Day Global Contribution Sprint,"For 21 consecutive days, make one tangible contribution to international open-source projects, global knowledge platforms, or international organizations — one per day, no breaks. Days 1-7: Contribute to 7 different GitHub open-source projects (code, documentation, bug fixes). Days 8-14: Create and publish 7 pieces of international knowledge content (Wikipedia article edits with citations, comprehensive StackExchange answers, OpenStreetMap data additions). Days 15-21: Directly contribute to 7 global organizations (translate materials for UN Volunteers Online, create resources for Khan Academy, design graphics for international NGOs). Document each contribution with links. On day 22, publish comprehensive post: '21 Days. 21 Global Contributions. What I Built While Others Talked.'",Defeated mindset
