sentence_text_en,sort_order,title,description,duration_weeks,weakness_names
"If my friends are sitting in leisure, I take them with me to do some new job.",1,The 9-Minute Starter Rule,"Every morning for 6 weeks, within 9 minutes of waking, begin one physical task — not plan it, not think about it, but begin it. It can be writing 3 sentences, doing 10 pushups, or cleaning one shelf. Log it in a paper diary. If you delay beyond 9 minutes, add 1 extra task that day.",6,Defeated mindset
"If my friends are sitting in leisure, I take them with me to do some new job.",2,The Friend-Activator Daily Call,"Every evening for 4 weeks, call one friend who you know is likely sitting idle. Do not ask if they want to do something. Instead, say: 'I'm doing X in 20 minutes. Come.' Track how many times they say yes over 28 days. Your target: 15 out of 28 successful activations.",4,Defeated mindset
"If my friends are sitting in leisure, I take them with me to do some new job.",3,The No-Scroll Hour,"Every day for 2 months, replace one hour of phone scrolling with a 'create or contribute' hour. During this hour, produce something: a sketch, a voice note, a short video, a plan, a letter, a piece of code, a meal. No passive consumption allowed. Track the output in a Creation Log journal.",8,Defeated mindset
"If my friends are sitting in leisure, I take them with me to do some new job.",4,The Weekly Cold Outreach,"Every week for 2 months, reach out to one person doing significant work in India — a startup founder, a social entrepreneur, a district collector, a documentary filmmaker. Send a 5-line message: who you are, what you observed about their work, what you can contribute, and one specific question. Target 5 replies out of 8 attempts.",8,Defeated mindset
"If my friends are sitting in leisure, I take them with me to do some new job.",5,The Meetup Initiator,"Once every 2 weeks for 2 months, organise and host a small gathering — not attend one, but host one. Keep it simple: 4-7 people, one theme, one goal, one deliverable. The deliverable must be produced during the gathering. Use WhatsApp, a college canteen, or a park. No venue booking required.",8,Defeated mindset
"If my friends are sitting in leisure, I take them with me to do some new job.",6,The Newspaper-to-Action Bridge,"Every day for 6 weeks, read one news story about a national problem. Within 30 minutes, write a 10-line 'Possible Action' note — what you personally could do about this problem in your city, using your current skills and zero budget. At the end of 6 weeks, pick the 3 best actions and begin one.",6,Defeated mindset
"If my friends are sitting in leisure, I take them with me to do some new job.",7,The 5-Language Greeting Sprint,"Every alternate day for 1 month, learn 3 greeting phrases in a new language spoken by people from a country you have never engaged with. By the end of the month, use these greetings in real online interactions with people from that country — via Reddit, Duolingo forums, or LinkedIn.",4,Defeated mindset
"If my friends are sitting in leisure, I take them with me to do some new job.",8,The Daily Contribution Post,"Every day for 30 days, post one useful, specific piece of content on a global platform (LinkedIn, Twitter/X, Quora, Reddit) — not opinion or commentary, but a tool, framework, answer, resource, or insight that someone can act on immediately. No reposts. Only original contributions.",4,Defeated mindset
"If my friends are sitting in leisure, I take them with me to do some new job.",9,The Global Accountability Pair,"Find one person from a different country — via Reddit r/GetMotivatedBuddies, LinkedIn, or Focusmate — and create a 60-day accountability partnership. Every Monday, share your top 3 goals for the week. Every Friday, report completion. Track the number of weeks you achieve 3/3. Target: 6 out of 8 weeks at full completion.",8,Defeated mindset
I can easily elaborate about anything I did in last three months and reasons thereof.,1,The Elaboration Flip Log,"Every day for 6 weeks, carry a pocket notebook — the Flip Log. Every time you catch yourself elaborating about the past — in conversation, in a message, or in your head — make a tally mark and write the forward action it must convert into, with a 24-hour deadline. No conversion within 24 hours = a loss. Target: 30 wins in 42 days.",6,Defeated mindset
I can easily elaborate about anything I did in last three months and reasons thereof.,2,The No-Story Opening Rule,"For 4 weeks, every time you initiate contact with a friend — call, message, or walk-up — you are banned from opening with anything you did in the past week. Your opener must always be a forward action invitation: 'I am doing X in 20 minutes. Come.' Log every interaction. Target: 20 no-story openers in 28 days.",4,Defeated mindset
I can easily elaborate about anything I did in last three months and reasons thereof.,3,The Action-First Weekly Outreach,"Every week for 8 weeks, contact one person doing meaningful work in India — a founder, organiser, or local officer. Send a 4-line message: your name, one observation about their current work, one specific action you will perform for them this week at zero cost, and a direct ask. Zero mention of your past work. Target: 4 replies out of 8.",8,Defeated mindset
I can easily elaborate about anything I did in last three months and reasons thereof.,4,The Hosted Forward-Only Circle,"Once every 2 weeks for 2 months, host a gathering of 5-7 people with one visible rule: 'No one describes actions older than 7 days for more than 30 seconds.' The 90-minute session is entirely forward-facing — what each person will start this week, what is blocking them, and what they need. You facilitate and follow up by Thursday.",8,Defeated mindset
I can easily elaborate about anything I did in last three months and reasons thereof.,5,The Daily Live-Start Post,"Every day for 30 days, post one original piece on LinkedIn, Twitter/X, Quora, or Reddit — with a total ban on retrospective framing. Every post must be a live initiation: something you are starting today or this week. End every post with a time-bound call to action. No reposts. No opinion pieces. Target: 20 out of 30 posts earn at least one stranger-response.",4,Defeated mindset
I can easily elaborate about anything I did in last three months and reasons thereof.,6,The Cross-Border Accountability Pair,"Find one person from a different country via Reddit r/GetMotivatedBuddies or Focusmate. Run a 60-day partnership with one rule: no historical narration. Every Monday, share 3 things you will start this week. Every Friday, a 90-second voice note — completion percentage only. No stories. Missed Friday = one extra commitment next week. Target: 6 of 8 weeks at 3-of-3 completion.",8,Defeated mindset
I don't wait for someone to assign me me some tasks.,1,The Pre-Phone Morning Task Claim,"Every morning for 6 weeks, before opening your phone, write 3 tasks in a paper notebook that you are self-assigning for the day — tasks nobody has asked you to do. They must be real, output-producing tasks: fix a broken thing, build something, improve something in your shared environment, reach out to someone proactively. Complete all 3 before 8 PM. A day with fewer than 3 completions is a loss. Target: 35 wins out of 42 days.",6,Defeated mindset
I don't wait for someone to assign me me some tasks.,2,The Idle-Space Scan,"Every time you spend 20 or more minutes in a shared space — hostel room, building compound, college corridor, a friend's house — before leaving you must identify one thing that needs doing and complete it on the spot, without telling anyone you did it. No announcement. No expectation of acknowledgement. Log each action in a small notebook. Target: 20 completed idle-space actions in 4 weeks.",4,Defeated mindset
I don't wait for someone to assign me me some tasks.,3,The Weekly Uninstructed Contribution,"Every week for 8 weeks, identify one organisation, group, or community in your city that has a clear visible gap. Without being invited or asked, show up, fix or build the one thing, and leave a 1-line note explaining what you did and why. No payment. No credit-seeking. Target: 8 completed uninstructed contributions.",8,Defeated mindset
I don't wait for someone to assign me me some tasks.,4,The Self-Appointed Role,"At every group meeting, team session, or gathering you attend for 6 weeks, you must take one role that no one assigned you — timekeeper, note-taker, facilitator, follow-up tracker, resource finder, minute-sender. You claim it silently by doing it, not by announcing it. After the meeting, send the notes or summary without being asked. Target: 15 self-appointed roles in 6 weeks.",6,Defeated mindset
I don't wait for someone to assign me me some tasks.,5,The Daily Orphaned-Problem Fix,"Every day for 30 days, on any global platform — Reddit, Quora, LinkedIn, Discord — find one unanswered question, unfilled community need, or stalled conversation that has been sitting unaddressed for at least 48 hours. Resolve it fully: write the answer, build the resource, or start the thread that restarts the conversation. Target: 28 out of 30.",4,Defeated mindset
I don't wait for someone to assign me me some tasks.,6,The Cross-Border Self-Starter Pact,"Find one person from a different country via Reddit r/GetMotivatedBuddies or Focusmate. For 8 weeks, each of you independently identifies and completes one fully self-assigned task per week — something nobody instructed, requested, or expected from you. Every Friday, a 60-second voice note to each other: what the task was, and whether it was completed. Target: 6 out of 8 weeks with a completed self-assigned task reported.",8,Defeated mindset
I contemplate and contextualize my place in the order of the world and try to accept all others' place in my life too.,1,The Cosmic Address Exercise — 14 Mornings,"Every morning for 14 days, before any screen, write your full cosmic address in descending order: Universe → Galaxy → Solar System → Earth → Continent → Country → State → City → Neighbourhood → Room → Body → the specific role you are playing today. Then write one sentence: 'Given this address, the thing I am most anxious about today is...' and cross it out.",2,Little self-reflection
I contemplate and contextualize my place in the order of the world and try to accept all others' place in my life too.,2,The Role Reversal Dinner — Once a Week for 4 Weeks,"Once a week for 4 weeks, eat one full meal in the physical position of a person whose place in your life you find most difficult to accept — if it is a subordinate, eat sitting on the floor; if it is an elder whose authority you resist, eat in formal silence; if it is a stranger, eat alone in a public place without a phone.",4,Little self-reflection
I contemplate and contextualize my place in the order of the world and try to accept all others' place in my life too.,3,The Unsolicited Biography Project — 3 Weeks,"For 3 consecutive weeks, every Saturday spend 30 minutes writing a brief biography (one handwritten page) of one person in your life whose place you have never seriously contemplated — the building watchman, a distant cousin, a colleague you dislike. Write their life as you imagine it: their childhood, their fears, their private victories. Do not show them what you wrote.",3,Little self-reflection
I contemplate and contextualize my place in the order of the world and try to accept all others' place in my life too.,4,The Place Card Conversation — 10 Days,"For 10 consecutive days, in any conversation where you feel resistance toward another person — irritation, impatience, dismissal — pause for 10 seconds before responding and silently complete this sentence: 'This person is here in my life because the world needed them to be, not because I invited them.' Then respond.",2,Little self-reflection
I contemplate and contextualize my place in the order of the world and try to accept all others' place in my life too.,5,Attend 4 Sessions of a Systematic Philosophy Reading Circle,"Find and attend 4 weekly sessions of any organized philosophy reading group — Vedanta study circles (available via Ramakrishna Mission, Chinmaya Mission), Stoic reading groups (available via Meetup.com in metros), or university open philosophy seminars. Each session, contribute one observation connecting the text being read to your own specific place in the world's current order.",4,Little self-reflection
I contemplate and contextualize my place in the order of the world and try to accept all others' place in my life too.,6,Complete the Pratikraman Self-Positioning Ritual for 21 Consecutive Days,"Pratikraman is the Jain practice of daily formal acknowledgment of one's transgressions against all living beings. Attend a Jain community center for instruction, then perform the abbreviated Samayik-Pratikraman daily for 21 consecutive days — even if imperfectly. The practice is the performance, not the perfection.",3,Little self-reflection
"I set aside dedicated time daily for practices like meditation, prayer, or self-reflection",1,The 6-Minute Dawn Contract,"Every morning for 21 days, set a single alarm at a fixed time — no snooze allowed. Sit upright in bed for exactly 6 minutes before any screen touch. Use a mechanical timer only. Place your phone face-down on the opposite side of the room. Sit cross-legged on the bed with both palms open on your knees for 6 minutes at a fixed time every single day for 3 weeks.",3,Little self-reflection
"I set aside dedicated time daily for practices like meditation, prayer, or self-reflection",2,The One-Question Evening Journal,"For 14 consecutive days at exactly 10:00 PM, write a single sentence answering: 'What moment today did I act against my own values?' No more, no less. One sentence. Close the notebook. Do not re-read it until Day 15.",2,Little self-reflection
"I set aside dedicated time daily for practices like meditation, prayer, or self-reflection",3,Host a Weekly 20-Minute Silence Circle,"For 4 consecutive weeks, invite 2-3 friends or family members to sit in complete silence together for 20 minutes every Sunday at a fixed time. No music. No guided audio. Just shared silence. After, each person says ONE word describing how they felt. That word is the only communication allowed about the session.",4,Little self-reflection
"I set aside dedicated time daily for practices like meditation, prayer, or self-reflection",4,The Unplug Pact with a Colleague,"For 10 working days, identify one colleague and mutually agree to take your lunch break (even 20 minutes) without phones. Sit across from each other in silence for the first 5 minutes before speaking.",2,Little self-reflection
"I set aside dedicated time daily for practices like meditation, prayer, or self-reflection",5,Enroll in a 7-Day Online Sahaj Samadhi or Heartfulness Program,"Register for any certified free institutional practice program (Art of Living's Sahaj Samadhi, Heartfulness Institute's free online sessions, or Isha's Inner Engineering Online). Attend every single scheduled session for 7 consecutive days at their fixed institutional timings.",1,Little self-reflection
"I set aside dedicated time daily for practices like meditation, prayer, or self-reflection",6,The Aarti Commitment at a Place of Worship,"For 30 consecutive days, attend the evening aarti/vespers/maghrib prayers at any fixed institutional place of worship near your home — temple, mosque, church, or gurudwara — at their exact institutional timing. Miss zero days.",4,Little self-reflection
"At the end of the day, I reflect on my actions and their outcomes to understand and improve myself",1,The 3-Decision Autopsy — Nightly for 21 Days,"Every night at a fixed time before sleep, identify exactly 3 decisions you made that day — one small (what to eat/say), one medium (how to handle a task), one large (a relationship or work call). For each, write: the decision, the outcome, and one word describing what drove it. Do not write more than 3 lines per decision. The constraint forces precision over self-indulgent analysis.",3,Little self-reflection
"At the end of the day, I reflect on my actions and their outcomes to understand and improve myself",2,The What Would I Do Differently Voice Note,"For 14 consecutive days, record a 2-minute voice note to yourself at exactly 9:30 PM. The only permitted question: 'What is the ONE thing I did today that, if I had done differently, would have changed the most?' Listen to yesterday's note before recording today's.",2,Little self-reflection
"At the end of the day, I reflect on my actions and their outcomes to understand and improve myself",3,The Weekly Verdict Exchange with One Trusted Person,"For 4 consecutive weeks, every Friday evening, meet or call one person who interacted with you that week. Each person gives the other ONE sentence: 'The moment this week where I saw you act most like yourself, and the moment where you didn't.' No discussion — just listen, say thank you, and write it down.",4,Little self-reflection
"At the end of the day, I reflect on my actions and their outcomes to understand and improve myself",4,The Public Correction Pledge — 10 Days,"For 10 consecutive days, whenever you realize mid-conversation or mid-task that you made an error in judgment earlier that day, you must name it aloud to whoever is present — one sentence, no elaboration: 'I said X earlier and I was wrong because Y.' Say it and move on — no self-flagellation.",2,Little self-reflection
"At the end of the day, I reflect on my actions and their outcomes to understand and improve myself",5,Follow the Jesuit Examen Protocol for 30 Consecutive Nights,"The Examen is a 500-year-old structured end-of-day reflection practice used in Jesuit institutions globally. It has 5 fixed steps taking 15 minutes: (1) Recall one moment of the day with gratitude, (2) Review the day's actions chronologically, (3) Identify the moment you fell short of your own standard, (4) Reflect on why, (5) Resolve one concrete change for tomorrow. Follow this sequence without deviation for 30 nights.",4,Little self-reflection
"At the end of the day, I reflect on my actions and their outcomes to understand and improve myself",6,Enroll in a 21-Day Action Journal Program at any NLP or Life Coaching Institute,"Most established NLP institutes and life coaching organizations (Dale Carnegie, Landmark, NIIT's soft skills programs) offer free or low-cost 21-day structured journaling programs with daily prompts specifically designed around action-outcome reflection. Enroll in one and submit every single daily entry to the program's facilitator — do not skip submissions.",3,Little self-reflection
"I consciously practice gratitude, focusing on the positive aspects of your life.",1,The 3-Specific-Things Rule,"Every night for 21 days at a fixed time before sleeping, write exactly 3 things you are grateful for. The rule: each entry must name a specific person, object, or moment — no abstract statements allowed. NOT 'I am grateful for my family.' INSTEAD: 'I am grateful that my mother left a glass of water on my desk at 11 PM without being asked.' Specificity is non-negotiable.",3,Little self-reflection
"I consciously practice gratitude, focusing on the positive aspects of your life.",2,The Gratitude Subtraction Exercise,"For 14 days, every morning spend 4 minutes imagining your life WITHOUT one thing you currently take for granted — your eyesight, clean water from a tap, a working phone. Write one sentence: 'Without X, today would have been impossible because...' Then consciously notice that thing three times that day.",2,Little self-reflection
"I consciously practice gratitude, focusing on the positive aspects of your life.",3,The Unsent Gratitude Letter — Then Send It,"For 3 consecutive weeks, every Sunday write a full handwritten letter of gratitude to one person who positively impacted your life but has never been explicitly thanked. On the third Sunday, physically deliver or post the letter from Week 1. No WhatsApp — deliver in person or via postal mail.",3,Little self-reflection
"I consciously practice gratitude, focusing on the positive aspects of your life.",4,The Daily One Loud Thank You Protocol,"For 10 consecutive days, verbally and explicitly thank one person daily who performs a service you normally take entirely for granted — the building sweeper, the office peon, the canteen server — using their name if you know it, and one specific reason. Say it standing, making eye contact. Do not rush.",2,Little self-reflection
"I consciously practice gratitude, focusing on the positive aspects of your life.",5,Attend 4 Sessions of a Laughing Yoga Club,"Find your city's nearest Laughing Yoga (Hasyayoga) club. Attend 4 consecutive weekly sessions. The protocol includes structured gratitude affirmations within each session. Attend as a committed regular participant, not an observer.",4,Little self-reflection
"I consciously practice gratitude, focusing on the positive aspects of your life.",6,The Namaaz of Gratitude — Adopt Any Institution's Fixed Gratitude Ritual for 30 Days,"Identify and strictly follow any one religion's or institution's fixed daily gratitude ritual for 30 consecutive days — Islamic Alhamdulillah after every meal, Jewish Modeh Ani upon waking, the Sikh Ardas evening prayer, or AA's Gratitude Meeting format. You need not be a member of that faith. Treat it as a behavioral protocol only.",4,Little self-reflection
I can complete a task without making any mess of it by exercising a great restraint to not rush the completion of the task.,1,The Staircase Silent Ascent,Climb three floors of stairs in your college/apartment without making a single audible thud with your shoes. Example 1: Placing the ball of the foot first on the stone step of the hostel stairs. Example 2: Doing this while carrying a full backpack without the straps jingling. Physical body control is the foundation of mental restraint.,,Defeated mindset
I can complete a task without making any mess of it by exercising a great restraint to not rush the completion of the task.,2,The Government Form Perfection,"Download and fill out a complex government form (like a Passport or PAN application) by hand in all-caps, with zero white-out. Example 1: Fitting your full name into the small boxes without touching the edges. Example 2: Ensuring the signature stays exactly within the designated box.",,Defeated mindset
I can complete a task without making any mess of it by exercising a great restraint to not rush the completion of the task.,3,One-Stroke Plate,"After every meal, wash your plate using only 200ml of water (one glass) and a sponge, ensuring zero grease remains. Example 1: Cleaning a Dal-Chawal plate in the hostel sink using a measured mug of water. Example 2: Drying it with a cloth so that no water spots are visible when held to light.",,Defeated mindset
I can complete a task without making any mess of it by exercising a great restraint to not rush the completion of the task.,4,The Handwritten Resume,"Write your entire 2-page CV by hand on unruled A4 paper. If you make one mistake, restart the entire page. Example 1: Using a fountain pen to write qualifications in perfect block letters. Example 2: Keeping the lines perfectly straight without the help of a pencil guide. Rushing leads to a mess which forces a restart — this builds extreme resoluteness.",,Defeated mindset
I can complete a task without making any mess of it by exercising a great restraint to not rush the completion of the task.,5,The International Diplomatic Transcript — 1 Week,"Transcribe a 15-minute UN General Assembly speech by an Indian diplomat by hand, but with a Zero-Correction rule. If you miss a comma or smudge the ink, you must discard the entire page and start from the first word. In international diplomacy, one rushed word or a messy transcript can cause a bilateral crisis.",1,Defeated mindset
I can complete a task without making any mess of it by exercising a great restraint to not rush the completion of the task.,6,Academic Portfolio Reconstruction — 2 Weeks,Digitally and physically reconstruct your entire academic portfolio to match the EuroPass or Ivy League formatting standards with zero deviation in pixels or margins. International systems (like the UN or global tech firms) reject messy data. This forces you to see that completing the task includes the aesthetic and structural restraint required by elite institutions.,2,Defeated mindset
"I can complete my work by finding appropriate alternatives for tools, people, and methods, and by getting the cooperation as I need.",1,The Non-Primary Chef — 1 Week,Cook a meal daily where you are missing at least three essential ingredients or tools. Example 1: Making a full meal without using a pressure cooker or gas stove (using an induction or microwave instead). Example 2: Cooking a specific dish without the main spice and finding a flavor alternative. Trains the brain to stop feeling defeated by missing tools.,1,Defeated mindset
"I can complete my work by finding appropriate alternatives for tools, people, and methods, and by getting the cooperation as I need.",2,The Silent Request Walk — 1 Week,"Go to a local park or library and ask 3 strangers for a small, non-monetary favor. Example 1: Asking a fellow student to explain a complex concept you are stuck on. Example 2: Requesting a neighbor to lend a tool you don't have instead of buying it. Builds the courage to get cooperation when your own skills are insufficient.",1,Defeated mindset
"I can complete my work by finding appropriate alternatives for tools, people, and methods, and by getting the cooperation as I need.",3,The Regional Language Negotiation — 2 Weeks,"Try to complete a task in a local government office or bank using a language you are least comfortable with, by seeking help. Example 1: Inquiring about a PAN card update in the local state language, asking a stranger to translate for you. Example 2: Convincing a bank official to help you with a form by explaining your problem calmly. Tests your ability to get cooperation from people outside your comfort zone.",2,Defeated mindset
"I can complete my work by finding appropriate alternatives for tools, people, and methods, and by getting the cooperation as I need.",4,The No-Direct-Route Travel,Plan a 5km journey in your city using only alternative transport you have never used. Example 1: Reaching a destination without using your own bike or a direct Uber. Example 2: Asking 5 different people for directions along the way instead of using GPS. Cultivates the habit of seeking alternative people and methods to reach a goal.,,Defeated mindset
"I can complete my work by finding appropriate alternatives for tools, people, and methods, and by getting the cooperation as I need.",5,The Global Language Task,"Complete a 1-page summary of an international research paper using only a translation tool you have never used before (e.g., DeepL or specialized dictionaries). Example 1: Translating a German economics paper into English/Hindi without using Google Translate. Example 2: Seeking cooperation from an online international forum to understand a complex term.",,Defeated mindset
"I can complete my work by finding appropriate alternatives for tools, people, and methods, and by getting the cooperation as I need.",6,The Time-Zone Sync,"Coordinate a small task (like a 5-minute video call) with someone in a different time zone (e.g., US or Europe) by finding an alternative time that suits both. Example 1: Waking up at 5:00 AM to catch a 6:30 PM EST slot. Example 2: Using an alternative method (asynchronous video messages) if a live call fails.",,Defeated mindset
"I can maintain the intensity with which I resolve something, till the goal is achieved.",1,The Staircase Metronome,"Find a 4-story staircase. Run up and down 5 times. You must time each lap — the 5th lap must be faster than the 1st lap by at least 2 seconds. If the 5th lap is slower, you must do 2 extra laps as a Resolution Tax. Trains the brain to increase intensity as the finish line (the goal) nears.",,Defeated mindset
"I can maintain the intensity with which I resolve something, till the goal is achieved.",2,The Perfect Circle Sheet,"Draw 100 freehand circles on an A4 sheet. The 100th circle must be the most perfect. Spend exactly 10 seconds on each circle. If the 100th circle is wobbly or rushed, shred the paper and start again. Kills the defeated urge to slack off at the end of a repetitive task.",,Defeated mindset
"I can maintain the intensity with which I resolve something, till the goal is achieved.",3,The Preamble Stance,Stand at Attention and recite the Preamble of the Indian Constitution 5 times from memory. Your vocal pitch and posture must remain rigid. No shifting of feet for the entire 10 minutes. The 5th recitation must be your most passionate one. Links internal intensity to national values.,,Defeated mindset
"I can maintain the intensity with which I resolve something, till the goal is achieved.",4,The Metronome 5K,"Walk 5 kilometers daily using a metronome app at 120 BPM. Every step must land exactly on the beat. No dragging feet at the 4km mark. If you lose the beat three times, add 500 meters to the goal. Physicalizes the intensity of a rhythm that cannot be broken.",,Defeated mindset
"I can maintain the intensity with which I resolve something, till the goal is achieved.",5,The Global Debate Drill,"Record yourself speaking for 10 minutes on a global issue (e.g., Digital Currency Ethics). You must maintain Power Posture and high vocal energy for all 600 seconds. If you stumble or look at notes in the last 60 seconds, delete and re-record. High-level international communication requires sustained performance.",,Defeated mindset
"I can maintain the intensity with which I resolve something, till the goal is achieved.",6,The Time-Zone Sync Global Call,"Coordinate a 3:00 AM video call with a Global Mentor (or a friend acting as one). You must be at your desk in a formal shirt, at peak alertness, for 1 hour before the call starts. No coffee allowed — intensity must be generated from internal resoluteness. Mastery over global standards of alertness.",,Defeated mindset
"I have a well-defined daily routine, and I follow it to carry out my work.",1,The Tactile Morning Trigger — 1 Week,"Every morning, touch three specific objects in your room in a fixed sequence within 30 seconds of waking. Example 1: Touch your alarm clock, then your study lamp, then your water bottle. Example 2: If you check your phone before this sequence, the routine has failed — do 10 pushups to recalibrate. Physically keys your brain into the routine before the defeated mindset can suggest staying in bed.",1,Defeated mindset
"I have a well-defined daily routine, and I follow it to carry out my work.",2,The Fixed-Bite Lunch — 2 Weeks,"Eat your lunch following a mechanical sequence. Example 1: One sip of water, one bite of roti, one bite of sabzi — repeated until the plate is empty. Example 2: If you rush and take two bites of sabzi together, you must stop eating for 60 seconds. Proves you have authority over your most basic biological routines.",2,Defeated mindset
"I have a well-defined daily routine, and I follow it to carry out my work.",3,The Route-Marker Commute — 2 Weeks,"Identify 5 physical landmarks on your way to college/work. You must tap each one with your hand as you pass. Example 1: Tapping a specific gatepost, then a tree, then a wall. Example 2: If you take a different route or forget to tap, you must turn around and restart the commute. Disciplines the body to follow a well-defined path without seeking shortcuts.",2,Defeated mindset
"I have a well-defined daily routine, and I follow it to carry out my work.",4,The National Anthem Start — 2 Weeks,"Before starting your heaviest work block, stand at Attention for 52 seconds (the length of the National Anthem) in total silence. You must not move a single finger. The moment 52 seconds are up, you sit and type your first line of code or work. If you fidget, you restart the 52-second timer. Uses a national ritual to trigger a high-intensity work routine.",2,Defeated mindset
"I have a well-defined daily routine, and I follow it to carry out my work.",5,The Language Immersion Window — 1 Week,"Perform your morning routine while listening to a foreign language news broadcast (e.g., BBC or NHK). You must finish your Getting Ready routine exactly when the 15-minute news segment ends. If you are slow and the news finishes while you are still brushing, you must do 20 squats. Links your personal routine to the Global Pulse.",1,Defeated mindset
"I have a well-defined daily routine, and I follow it to carry out my work.",6,The Greenwich Sync — 2 Weeks,"Pick one 2-hour work block and sync it with the International Standard Time of a global hub (e.g., 9:00 AM London Time). You must be at your desk and Online at exactly 1:30 PM IST without a second's delay. Your work must follow an International Agenda (25 mins work / 5 mins break) monitored by a global app. Mastery over global standards of time-discipline.",2,Defeated mindset
I can move forward with confidence in my own abilities.,1,The Blind-Taste Spice Mix,Cook a local Indian dish (like Amti or Pulao) but season it while blindfolded. Example 1: Using your sense of smell and memory of weight to add salt and spices. Example 2: You must serve it to your family/friends and stand by the taste with confidence. Physicalizes the act of trusting your own internal senses without external confirmation.,,Defeated mindset
I can move forward with confidence in my own abilities.,2,The Ink-Only Daily Log — 1 Week,"All your writing (journaling, planning, notes) must be done in a Permanent Marker or Bold Fountain Pen. If you write a word incorrectly, you are forbidden from crossing it out — you must turn that error into a creative doodle or weave it into a new sentence. Physicalizes the virtue by making every move permanent and forward-facing.",1,Defeated mindset
I can move forward with confidence in my own abilities.,3,The Command Signature,"Practice your signature 50 times daily. Each one must be identical, fast, and assertive. Example 1: Use a ruler to ensure the under-line is perfectly straight and of the same length every time. Example 2: You must sign with the intensity of a national authority signing a treaty. Trains the hand to move forward with zero hesitation.",,Defeated mindset
I can move forward with confidence in my own abilities.,4,The Public Blackboard,"Go to a public park or a student hub with a large drawing pad. Solve a difficult logic puzzle or draft a plan in the open. Write in large, bold strokes that can be read from 10 feet away. If people watch, you must not hesitate. Tests your confidence against the pressure of being seen while working.",,Defeated mindset
I can move forward with confidence in my own abilities.,5,The Global Tech Zero-Undo Protocol — Weeks 1-2,"For a 1-hour Deep Work block daily, treat your computer or notebook as an Ink-Only environment. If working digitally, physically cover your Backspace and Delete keys with a small piece of tape. If writing, use a bold fountain pen with no whitener. Before typing or writing a single character, you must mentally map the entire sentence or logic. International high-frequency environments (coding, trading, surgical planning) do not allow for re-dos.",2,Defeated mindset
I can move forward with confidence in my own abilities.,6,The Diplomatic Envoy One-Take Briefing — Weeks 1-2,"Deliver a 5-minute Global Intelligence Report on any complex topic (e.g., The Impact of AI on Global Economics) with zero preparation notes. Stand in a Power Stance (feet shoulder-width apart, spine neutral). Record yourself on video. You are allowed only one take. You must speak for exactly 300 seconds. If you stumble or use a filler word (umm, uhh), you must recover instantly with vocal authority.",2,Defeated mindset
I always complete the work I undertake.,1,21-Day End-of-Day Zero Pending Rule,Every night at 9:30 PM: List all tasks started today. None can remain unfinished. If cupboard cleaning was started — fully done. If assignment was started — minimum draft submitted. The word 'always' demands daily consistency. Night completion rewires identity.,3,Defeated mindset
I always complete the work I undertake.,2,14-Day Physical Fatigue Finish Drill,"Daily: After feeling tired, complete 10 extra minutes of work. Examples: 10 extra minutes reading; 10 extra minutes of workout. Defeated mindset quits at fatigue. Resoluteness pushes beyond the comfort boundary.",2,Defeated mindset
I always complete the work I undertake.,3,National Budget Discipline Rule — 14 Days,"Every day allocate your 24 hours like a national budget. Before 9 AM: Write exact time allocation for Study, Skill, Health, Family, Rest. At night: Check whether you honoured your budget. No overspending time on entertainment beyond allocation. A nation that mismanages budget collapses. A person who mismanages time develops a defeated mindset.",2,Defeated mindset
I always complete the work I undertake.,4,Public Service Hour — 14 Days,"Daily 30 minutes of structured contribution beyond self at a consistent time daily. Examples: Teach sibling daily at 6 PM; help 14 people fill online forms. When effort serves something larger than self, quitting reduces. Resoluteness strengthens when duty exceeds comfort.",2,Defeated mindset
I always complete the work I undertake.,5,The Public Contribution Project,Write and submit 3 detailed feedback reports to your local municipality or a national portal (like MyGov) regarding specific public issues. Follow up until you get an acknowledgment. Resoluteness in civic duty — finishing the complaint cycle rather than just complaining.,,Defeated mindset
"Even when many people oppose my opinions, I stand by my opinions and ensure that what is pre-determined happens.",1,The Daily Conviction Statement,"Every day for 6 weeks, before any group conversation or family discussion ends, state one opinion you hold on something you believe at least one person in the room will disagree with. Do not wait for a safe moment. Do not cushion it with 'I might be wrong but...' State it cleanly and own it when challenged. Log each instance: what you said, who pushed back, and whether you held the position. Target: 35 out of 42 days with at least one logged conviction statement.",6,Defeated mindset
"Even when many people oppose my opinions, I stand by my opinions and ensure that what is pre-determined happens.",2,The Hedge Replacement Drill,"Every time you are about to say 'maybe you're right' or 'it's just my opinion' — stop. Replace it with: 'Here is why I still hold this.' Do this for 30 consecutive days. Keep a tally on your phone. Every time you catch yourself using a hedging phrase and replace it with a conviction statement, it counts as a win. Target: 40 wins in 30 days.",4,Defeated mindset
"Even when many people oppose my opinions, I stand by my opinions and ensure that what is pre-determined happens.",3,The Weekly Conviction Scorecard,"Every Sunday for 8 weeks, write a Conviction Record — one page in a physical notebook listing 3 positions you held this week, who opposed them, and whether you maintained or abandoned each. Give yourself a score: 1 point per position held, 0 for each abandoned. Review the previous week's score before writing the new one. Target: 18 out of 24 possible points by week 8.",8,Defeated mindset
"Even when many people oppose my opinions, I stand by my opinions and ensure that what is pre-determined happens.",4,The Fortnightly Public Position,"Once every two weeks for 2 months, write a 150-word public position post on a national platform — LinkedIn, Twitter/X, or Quora — on a topic where you hold a minority view. The post must be personal, attributed, and non-hedged: no 'some might argue,' no 'just my view.' Respond to every comment within 24 hours. Do not edit the original post after publishing. Total: 4 posts over 8 weeks.",8,Defeated mindset
"Even when many people oppose my opinions, I stand by my opinions and ensure that what is pre-determined happens.",5,The Field-Level Dissent Paper,"Once per month for 2 months, identify a national-level debate in your field — a hiring trend, an educational policy, an industry standard — and write a formal one-page position paper arguing the minority view. Share it with at least 10 people in that field via direct message. Track how many engage. In every reply, hold your core argument. Do not send a follow-up softener message.",8,Defeated mindset
"Even when many people oppose my opinions, I stand by my opinions and ensure that what is pre-determined happens.",6,The Weekly International Dissent Engagement,"Every week for 6 weeks, find one international debate — on a global forum, newsletter comment section, or cross-border LinkedIn post — where the majority consensus is something you disagree with. Add your named, reasoned dissent in a comment of at least 5 sentences. Return the next day and respond to every reply you receive. Track your total international conviction engagements. Target: 30 substantive engagement exchanges across the 6 weeks.",6,Defeated mindset
"Once something is achieved, I have a desire to make it happen repeatedly and on a larger scale.",1,The Daily Scale Log,"Every night for 6 weeks, before sleeping, open a physical notebook and write one sentence answering: 'What did I do today that was bigger than last time?' If you cannot write that sentence, you must add an escalated version of yesterday's best action to tomorrow's schedule before closing the notebook.",6,Defeated mindset
"Once something is achieved, I have a desire to make it happen repeatedly and on a larger scale.",2,The Weekly Personal Record,"Every week for 2 months, identify the single most repeated action from the prior week and set a new personal best for that category by Friday. The new record must be at least 20% higher than the prior week's best. Record it with a timestamp. Show it to one person.",8,Defeated mindset
"Once something is achieved, I have a desire to make it happen repeatedly and on a larger scale.",3,The Instant Larger Ask,"Every time you successfully complete a task involving another person's cooperation — someone agrees to meet, someone helps you, someone says yes to a request — within 10 minutes, make one larger request of the same person or a different person in the same context. Do not wait for a new opportunity. Leverage the momentum of the current yes.",,Defeated mindset
"Once something is achieved, I have a desire to make it happen repeatedly and on a larger scale.",4,The Weekly Output Doubling,"Every Monday for 2 months, review your single best output from the prior week — a piece of writing, an event, a sales call, a creative product. By the following Sunday, produce double the quantity or double the quality of that exact output and share it publicly on any platform. No private versions count.",8,Defeated mindset
"Once something is achieved, I have a desire to make it happen repeatedly and on a larger scale.",5,The Stranger Activation Ladder,"Every week for 2 months, initiate one interaction with a complete stranger — physically in your city — that results in a concrete collaborative output by end of week. Week 1: one stranger, one output. Week 2: two strangers, one combined output. Week 3: three strangers. The number escalates by one each week. You organise and deliver the output.",8,Defeated mindset
"Once something is achieved, I have a desire to make it happen repeatedly and on a larger scale.",6,The Post-Win Proposal Rule,"Every time you achieve anything — finish a project, hit a personal best, complete a challenge — within 24 hours, write and send a 5-line proposal to one person or group describing a larger version of what you just did and asking for their involvement. The proposal must be specific: what, when, who, what you need from them.",,Defeated mindset
"Once something is achieved, I have a desire to make it happen repeatedly and on a larger scale.",7,The Daily Global Benchmark Scan,"Every day for 30 days, spend exactly 7 minutes identifying one person internationally who has achieved a larger version of something you have already done. Write their name and metric in a Global Benchmark Log. On Day 30, pick the 3 most relevant benchmarks and design one concrete action to close 10% of the gap — to be executed in Week 5.",4,Defeated mindset
"Once something is achieved, I have a desire to make it happen repeatedly and on a larger scale.",8,The International Scale Report,"Once per week for 2 months, post a public Scale Report on LinkedIn or Twitter/X: one paragraph describing what you did this week, what number you beat, and what your target is for next week — publicly visible, with specific metrics. No vague language. Numbers only. Tag one international person whose work inspired the target.",8,Defeated mindset
"Once something is achieved, I have a desire to make it happen repeatedly and on a larger scale.",9,The 30-Day Output Passport,"For 30 days, produce one output every day that is explicitly addressed to, useful to, or inspired by someone from a country other than India. Post it publicly. The output can be advice, a resource, a question, a framework, a challenge, a micro-lesson. At the end of 30 days, tally how many countries engaged with your work.",4,Defeated mindset
My thinking is strictly positive.,1,The Figure-It-Out Task,The individual will be given one task per day with incomplete instructions. Steps: Begin the task immediately without seeking clarification; identify what is already understood; decide the next step independently; execute the step even if unsure; adjust based on outcome and continue. Expected change: The individual learns to derive clarity through engagement rather than instruction.,,No clarity
My thinking is strictly positive.,2,The No Confirmation Decision Task,The individual must make three daily decisions without asking for validation. Steps: Choose within 60 seconds; do not ask anyone for approval; act on the decision immediately; accept the outcome without regret; note whether the decision caused real harm. Expected change: Reduces dependence on external reassurance for clarity.,,No clarity
My thinking is strictly positive.,3,The Lost on Purpose Assignment,"Once a week, the individual will visit a new place without prior planning. Steps: Use public transport only; do not use GPS; ask strangers for directions; accept wrong turns without frustration; reach the destination through adjustment. Expected change: Builds confidence in navigating uncertainty calmly.",,No clarity
My thinking is strictly positive.,4,The Think-Aloud Task,The individual must explain a partially understood topic to someone. Steps: Start explaining without preparation; continue even when unsure; say 'I'm figuring this out as I speak'; complete the explanation without stopping; reflect on how clarity improved mid-task. Expected change: Strengthens clarity through verbal processing.,,No clarity
My thinking is strictly positive.,5,The Wrong First Draft Task,The individual will complete one task daily knowing it may be incorrect. Steps: Start without waiting to be correct; finish the first attempt fully; review only after completion; improve if required; observe how clarity emerged after starting. Expected change: Breaks the fear-clarity paralysis cycle.,,No clarity
I can talk in front of any (small / big) group of people,1,The 7:00 AM Courage Ritual,"Every morning at exactly 7:00 AM, stand in front of a mirror and speak for 90 seconds. Topic rotation: Monday: My life story; Tuesday: My dreams; Wednesday: A recent news topic; Thursday: A lesson I learned; Friday: My biggest fear; Saturday: A motivational message; Sunday: Free topic. Purpose: To condition self-acceptance and reduce self-judgment while speaking.",,Bad communication
I can talk in front of any (small / big) group of people,2,Night Voice Reflection and Social Initiation,"Every night before sleeping, record a two-minute voice note. Additionally, every day initiate at least one conversation by: complimenting someone, asking for directions, or asking a question in class or a group. Purpose: To break habitual social avoidance and increase verbal initiation.",,Bad communication
I can talk in front of any (small / big) group of people,3,Weekly Attention Placement,"Once every week, place yourself under attention by performing one of the following: presenting two slides, speaking for two minutes in a group, leading a discussion, hosting an activity, or speaking at an event.",,Bad communication
"When friends, relatives, or acquaintances face a problem, first thing that comes to my mind is about the ways in which I can help them.",1,Emotional Awareness Training,"Every day, the individual will consciously observe at least one person and ask: Are they unusually quiet? Are they stressed? Are they withdrawn? Are they behaving differently? If any sign is noticed, the individual must ask: 'You seem a little stressed. Is everything okay?'",,Less sensitivity / empathy
"When friends, relatives, or acquaintances face a problem, first thing that comes to my mind is about the ways in which I can help them.",2,Empathy Activation Routine,"Once daily, the individual must imagine: 'If this problem were happening to me, how would I feel?' Then write one sentence: 'If I were in their situation, I would feel ___.'",,Less sensitivity / empathy
"When friends, relatives, or acquaintances face a problem, first thing that comes to my mind is about the ways in which I can help them.",3,The Helping Reflex Rule,"Whenever someone shares a problem, the individual must ask: 'How can I help you right now?' Then choose one action: Listen, Advise, Assist, Accompany, or Provide emotional support.",,Less sensitivity / empathy
"When friends, relatives, or acquaintances face a problem, first thing that comes to my mind is about the ways in which I can help them.",4,Daily Kindness Action,"Every day, the individual must perform one intentional act of help, such as: helping with work, offering support, sharing resources, giving guidance, or providing comfort. Each act must be recorded in a journal.",,Less sensitivity / empathy
"I can present my point publicly in front of everyone, whether they are small or big personalities.",1,Daily Senior Interaction Resolution,"For 14 days, speak daily to someone senior, ask one question, and share one idea. Track every interaction. Effect: Builds leadership identity and breaks fear-conditioning toward authority figures.",2,Lack of self-respect
"I can present my point publicly in front of everyone, whether they are small or big personalities.",2,The Executive Presence Practice,"Once a week, attend a formal meeting, sit in front, make eye contact with leaders, and speak at least once. Builds leadership identity.",,Lack of self-respect
"I can present my point publicly in front of everyone, whether they are small or big personalities.",3,Weekly Idea Presentation to Seniors,"Once every week, prepare one idea related to work or study, request 5 minutes with a senior, present your idea confidently, and ask for feedback. Removes fear of hierarchical conversations.",,Lack of self-respect
"Regardless of how much people try to convince me otherwise or oppose my work, I can fearlessly carry out what I have decided.",1,The Silent Commitment Witness — 3 Weeks,"Choose one daily physical activity (5 AM jog, 8 PM reading hour at public library, sunset sketching at park). Do it at the exact same public location for 21 days. Tell nobody in advance. Let people discover it naturally. If questioned, respond with one sentence: 'This is my routine.' Continue regardless of weather, comments, or attendance of companions.",3,Tendency to avoid conflict
"Regardless of how much people try to convince me otherwise or oppose my work, I can fearlessly carry out what I have decided.",2,The 10-Person Pressure Test — 2 Weeks,"Make one non-harmful decision (vegetarianism, no social media after 9 PM, learning Sanskrit). Announce it to 10 specific people. Ask each: 'Why do you think I'll fail?' Write down their predictions. Continue the practice for 14 days minimum. Create a physical chart showing Predictions vs Reality at day 14. Share with those 10 people without gloating.",2,Tendency to avoid conflict
"Regardless of how much people try to convince me otherwise or oppose my work, I can fearlessly carry out what I have decided.",3,The Public Progress Board — 4 Weeks,"Choose one state/national-level preparation (UPSC, state judiciary exam, CFA, research paper). Create a 4ft x 3ft physical board in your most-trafficked home space. Update it daily with progress: chapters read, mock scores, pages written. Use only handwritten entries. Do not hide bad days. Let visitors see everything.",4,Tendency to avoid conflict
"Regardless of how much people try to convince me otherwise or oppose my work, I can fearlessly carry out what I have decided.",4,The Fortnightly Uncomfortable Letter — 1 Month,"Every 2 weeks, write and physically mail one handwritten letter to a state authority, newspaper editor, or national organization challenging a policy/decision you disagree with. Use registered post. Keep courier receipts. Do not expect replies. After 1 month (2 letters), publish scanned copies on your LinkedIn with title: 'Sent. Not Replied. Still Sent Again.'",4,Tendency to avoid conflict
"Regardless of how much people try to convince me otherwise or oppose my work, I can fearlessly carry out what I have decided.",5,The Weekly Global Rejection Hunt — 4 Weeks,"Apply to 3 international opportunities weekly (internships at UN agencies, essay contests, speaking slots at webinars, volunteer roles at global NGOs). Aim for rejection. Create a Rejection Gallery — print every rejection email, frame them, hang in your room. Celebrate each rejection with one positive self-message written on the frame. Target: 12 rejections in 28 days.",4,Tendency to avoid conflict
"Regardless of how much people try to convince me otherwise or oppose my work, I can fearlessly carry out what I have decided.",6,The 21-Day Counter-Cultural Challenge — 3 Weeks,"Join one international online community whose dominant view you disagree with (cryptocurrency enthusiasts if you are skeptical, climate accelerationists if you favor caution). Participate actively for 21 days — comment thoughtfully, disagree respectfully, never troll. Engage daily. Do not leave even if downvoted to oblivion.",3,Tendency to avoid conflict
"I ask for feedback on my actions, work, or behavior",1,The 21-Day Feedback Embargo,"For 21 consecutive days, do NOT ask for feedback on ANYTHING (work, relationships, appearance, ideas). If someone offers it unsolicited, politely acknowledge without discussion or defense. Document daily internal reflections on how you feel about your output/decisions without external validation.",3,Imbalance in employing strengths
"I ask for feedback on my actions, work, or behavior",2,The Evening Self-Review Ritual — 4 Weeks,"Every evening for 4 weeks, dedicate 30 minutes to reflect on your day. Use a structured template: 1. What did I do well? 2. What could I have done better? 3. What did I learn? 4. What is one action I will take tomorrow based on this? Do not share this journal. Focus on identifying patterns in your strengths and weaknesses.",4,Imbalance in employing strengths
"I ask for feedback on my actions, work, or behavior",3,The Monthly National Issue Self-Audit — 3 Months,"Choose one national policy/issue (e.g., agricultural reforms, judicial appointments, economic policy). For 3 consecutive months, spend one day a month deeply researching it. Formulate your own conclusions and a proposed solution. Do NOT discuss this with anyone, nor seek others' opinions or validation. At the end of 3 months, write a private position paper.",12,Imbalance in employing strengths
"I ask for feedback on my actions, work, or behavior",4,The Public Commitment Without Consensus — 6 Weeks,"Identify a contentious local or national issue where your opinion deviates from the majority in your social circle or family. For 6 weeks, publicly state your position clearly and defend it with logic, but without seeking to persuade or gain agreement. Be prepared for disagreement and lack of support. Do not back down or modify your stance for acceptance.",6,Imbalance in employing strengths
"I ask for feedback on my actions, work, or behavior",5,The Global Application Sprint Without Draft Review — 2 Months,"For 2 months, apply to 5 international scholarships, fellowships, or job opportunities per week. Crucially, send in every application WITHOUT having anyone review your essays, CV, or cover letters. Rely solely on your own judgment and writing. Track rejections and acceptances privately.",8,Imbalance in employing strengths
"I ask for feedback on my actions, work, or behavior",6,The 30-Day Global Silent Build,"Choose a personal project (e.g., learning a new skill, building a small app, writing a short story). Work on it daily for 30 days. Do NOT tell anyone you are doing it, and do NOT share your progress or the final output with ANYONE, domestically or internationally. This is a purely internal act of creation and accomplishment.",4,Imbalance in employing strengths
I can easily elaborate about anything I did in last three months and reasons thereof.,7,The 48-Hour Execution Rule — 3 Weeks,"For 21 days, implement this non-negotiable protocol. The Rule: If you think 'Someone should do this' or 'This needs to happen,' you have exactly 48 hours to either start it (take the first concrete action — send the email, create the doc, book the space, buy the supplies) or drop it permanently (accept you won't do it and stop thinking/talking about it). Carry a pocket notecard divided into two columns: Started | Dropped. Every time the thought occurs, mark it immediately. Goal: Started column 15 or more entries.",3,Defeated mindset
I can easily elaborate about anything I did in last three months and reasons thereof.,8,The Daily Micro-Initiative Log — 4 Weeks,"Every day for 28 days, complete ONE action that meets these criteria: nobody assigned it to you, nobody asked for it, it improves something (however small), takes 10-45 minutes. Daily log template (handwritten journal): Date, Action taken, Why I chose this, Immediate result, Emotional state (Did I hesitate? Why?). On days 7, 14, 21, 28 — do something publicly visible (not anonymous).",4,Defeated mindset
I can easily elaborate about anything I did in last three months and reasons thereof.,9,The Monthly Public Creation Sprint — 3 Months,"For 12 consecutive weeks, produce and publish one substantial piece of public-facing content every week. Week 1-4: Blog posts/articles (800-1200 words each) on state/national issues. Week 5-8: Visual content (infographics, data visualizations, explainer slides). Week 9-12: Video/audio content (short documentaries, podcast episodes, video essays). Published by Sunday 11:59 PM each week. No perfectionism delays — done is better than perfect.",12,Defeated mindset
I can easily elaborate about anything I did in last three months and reasons thereof.,10,The Proactive Value-First Networking — 6 Weeks,"Every week for 6 weeks, reach out to 3 professionals/experts/policymakers in fields you care about — 18 total people. Critical Rule: Never ask for anything in your first message. Only offer value. Message template: 'Hi [Name], I read your [work] on [topic]. I created [specific thing] based on your insights. Thought you might find it useful. [Link]. No response needed — just wanted to share.' Track how many respond and your emotional state sending each.",6,Defeated mindset
I can easily elaborate about anything I did in last three months and reasons thereof.,11,The Global Application Blitz — 8 Weeks,"Apply to 16 international opportunities over 8 weeks (2 per week minimum) across these categories: Internships (UN, World Bank, think tanks), Scholarships/fellowships, Competitions (essay, case study, hackathons), Speaking opportunities (conferences, webinars). Maximum 3 hours per application. If you meet 60% of requirements, apply anyway. Track: applied vs selected. Create a public Rejection Resume and post on LinkedIn after week 8.",8,Defeated mindset
I can easily elaborate about anything I did in last three months and reasons thereof.,12,The 30-Day Build-in-Public Challenge,"Choose one globally relevant skill/project. Learn/build it for 30 days. Document every single day publicly (Twitter thread, LinkedIn posts, Instagram stories). Daily post format: Day X/30: [What I worked on today]; Challenges faced: [specific problem]; What I learned: [specific insight]; Tomorrow's goal: [concrete next step]. Include visual proof. Tag relevant global experts/organizations weekly.",4,Defeated mindset
