text_en,text_mr,subvirtue_name_en
My thinking is strictly positive.,माझा विचार सकारात्मकच असतो ,Intellectual Self-reliance
I have my own opinion ready on any matter.,कोणत्याही गोष्टीबद्दल माझे स्वतःचे मत तयार असते. ,Intellectual Self-reliance
"I can publicly present an opinion which may be not align with others' views, in a way that convinces everyone.",इतरांपेक्षा वेगळे मत सर्वांसमोर त्यांना पटेल अशा पद्धतीने मांडू शकतो. ,Intellectual Self-reliance
My opinions are well thought out.,माझ्या विचारांवर/मतांवर माझा पूर्ण विचार झालेला असतो. ,Intellectual Self-reliance
I ask questions on newly received information.,नवीन मिळालेल्या माहितीवर प्रश्न मांडतो. ,Intellectual Self-reliance
I form my opinion by first considering others' views and then independently constructing my own.,माझे मत इतरांच्या मतांचा विचार करून मग स्वत: बनवलेले असे असते.,Intellectual Self-reliance
I can easily express my opinion in a group.,गटामध्ये आपले मत सहजपणे मांडतो.,Intellectual Self-reliance
I can summarize what the other person is saying in my own words.,समोरच्या व्यक्तीच्या बोलण्याचा सारांश स्वतःच्या शब्दात मांडता येतो. ,Intellectual Self-reliance
I do not need to undertake much mental effort to think independently about any matter.,मला कोणत्याही गोष्टींचा स्वतःचा विचार करायला जास्त मानसिक शक्ती लागत नाही.,Intellectual Self-reliance
"I accept the thoughts, of those whom I consider as role models, after making changes that I find necessary after critically examining them.",मी ज्यांना आदर्श मानतो अशांचे विचार मी त्यात मला आवश्यक वाटणारे बदल चिकित्सेने करून स्वीकारतो.,Intellectual Self-reliance
"I can present my point publicly in front of everyone, whether they are small or big personalities.",मला माझा मुद्दा सगळ्या लोकांसमोर / कितीही छोट्या अथवा मोठ्या व्यक्तीसमोर मांडता येतो. ,Intellectual Self-reliance
"I test whether a person is working out of own inspiration / volition or under the influence of someone. I often trace such chains of inspiration, if the inspiration has come externally from someone else.",एखादा माणूस कोणत्या प्रेरणेने किंवा कोणाच्या सांगण्याने काम करत असेल हे मी तपासतो. अशी प्रेरणांची परंपरा पाहणेही मी नेहमी करतो.,Attitude of finding root causes
It is important for me to find satisfactory reasoning behind any event.,कोणत्याही घटनेची समाधानकारक कारणे मिळणे मला महत्त्वाचे वाटते. .,Attitude of finding root causes
I check whether I can independently verify someone's statement.,एखाद्या व्यक्तीचे म्हणणे मी स्वतंत्रपणे तपासता येते का असे पाहतो,Attitude of finding root causes
"I check whether there are any similarities in the causes behind different events, even if such events pertain to totally different fields.","कोणत्याही क्षेत्रामध्ये घटना घडली असली, तरी त्या घटनेमागील कारणांमध्ये काही समानता आहे का हे मी तपासतो.",Attitude of finding root causes
I examine whether the desired outcome is achieved through my actions or if I am simply satisfied with having done something.,आपल्याला जो परिणाम आपल्या कृतींमुळे व्हायला हवा आहे तो होतो आहे की फक्त काही तरी केल्याचे समाधान मिळते आहे हे मी तपासतो.,Attitude of finding root causes
"Even if the expected result is achieved, I check whether it was by coincidence or because of my actions.",अपेक्षित परिणाम साधला गेला तरी तो योगायोगाने साधला की आपल्या कामामुळे साधला गेला हे पण मी तपासतो.,Attitude of finding root causes
I try to earn money on my own.,स्वतः पैसे कमवण्यासाठी प्रयत्न करतो.,Financial Self-reliance
"I have knowledge about how the family's, organization's, or country's financial transactions work and what the current situation is.",कुटुंबाचा / संस्था - कंपन्या अथवा देशाचा आर्थिक व्यवहार कसा चालतो व सध्याची स्थिती काय ह्याबद्दल मला माहिती असते. ,Financial Self-reliance
I regularly maintain an income-expenditure record., खर्चाचा ताळे-बंद नियमित ठेवतो.,Financial Self-reliance
I participate in family financial decisions or independently make thoughtful decisions as per needs,गरजेप्रमाणे घरातील आर्थिक निर्णयांमध्ये सहभागी होतो/एकटा विचारपूर्वक निर्णय घेऊ शकतो.,Financial Self-reliance
I raise money for public works.,सार्वजनिक कामांसाठी पैसा उभा करतो,Financial Self-reliance
I think of ways to earn money and take initiatives accordingly.,स्वतः पैसे कसे कमवायचे याचा विचार व उपक्रम करतो ,Financial Self-reliance
I am genuinely willing to acquire new skills.,नवनवीन कौशल्य आत्मसात करण्याची मनापासून तयारी असते. ,Skills-based Self-reliance
I can take help from different people in work and help others in their work.,मला वेगवेगळ्या व्यक्तींची कामात मदत घेणे व कोणालाही त्यांच्या कामात मदत करणे जमते.,Skills-based Self-reliance
I accept change with confidence and enthusiasm rather than fear. I am not afraid of failure while setting up experiments.,मी भीतीऐवजी आत्मविश्वासाने व उत्साहाने बदल स्वीकारतो. असा प्रयोग फसेल अशी मला भीती वाटत नाही.,Skills-based Self-reliance
"Whenever possible, I effectively use technical skills in daily life.",शक्य असेल तेव्हा तांत्रिक कौशल्याचा दैनंदिन आयुष्यात प्रभावीपणे उपयोग करता येतो. ,Skills-based Self-reliance
I know how to measure my skill level in a particular subject and perform such assessments regularly.,"माझे एखाद्या विषयामधील कौशल्य किती आहे, ते कसे मोजायचे हे मला माहिती असते व असे मोजमाप मी करत असतो.",Skills-based Self-reliance
I systematically improve my skills in a particular subject., एखाद्या विषयातील माझे कौशल्य मी नियोजनपूर्वक वाढवतो.,Skills-based Self-reliance
I can tolerate criticism or negative feedback.,लोकांनी केलेली टीका किंवा वाईट अभिप्राय पचवता येतो. ,Emotional Self-reliance
I understand what emotion I am experiencing at the moment.,माझ्या मनात त्या त्या क्षणाला कोणती भावना आहे हे मला समजते,Emotional Self-reliance
I know the purpose of each emotion and therefore do not blame myself.,कोणत्याही भावनेचा काय उपयोग असतो हे मला समजते व त्यामुळे मी स्वत:ला दोषी मानत नाही.,Emotional Self-reliance
"If someone makes a mistake, I do not expect an apology from them.",कोणीही चुकला असेल तर त्याच्याकडून माफीची अपेक्षा करत नाही. ,Emotional Self-reliance
"When a feeling arises, I know how to respond to it.",मनात भावना उत्पन्न झाली की त्यावर कसा प्रतिसाद द्यायचा हे समजते.,Emotional Self-reliance
I do not feel dejected while working in difficult or adverse situations.,अडचणीच्या/प्रतिकूल प्रसंगी मी काम करताना खचत नाही.,Emotional Self-reliance
"Even if I feel angry or experience any other emotion, I express it appropriately.",मला राग अथवा कोणतीही भावना आली तरी मी ती योग्य प्रकारे व्यक्त करतो.  ,Emotional Self-reliance
"If my way of expressing is wrong, I try to correct it.",माझे व्यक्त होणे चुकीचे असल्यास त्यात सुधारणा करण्याचा प्रयत्न करतो.,Emotional Self-reliance
"Despite internal turmoil, externally I continue to fulfill my commitments, while carrying out reflection internally.","मनात कितीही आंदोलने चालू असली तरी त्यावर आतल्या आत चिंतन करून, जे ठरले आहे, ते पार पाडत राहतो.",Composure during execution
I only change the planned work if the alternative has been thoroughly considered and is accepted by colleagues or if I am confident that they will accept it.,ठरलेल्या कामाला पर्याय हा पुरेसा विचारपूर्वक शोधला गेला असेल आणि तो सहकाऱ्यांनाही मान्य झाला अथवा त्यांना मान्य होईल असा मला विश्वास असेल तरच ठरलेले काम बदलतो. ,Composure during execution
I prioritize the expected outcomes of the thought process over the attraction of alternative work.,पर्यायी कामाच्या आकर्षणापेक्षा काम करण्यापूर्वी झालेल्या विचार प्रक्रियेला व कामाच्या अपेक्षित परिणामांना महत्त्व देतो.,Composure during execution
"If the expected work is not happening quickly, I do not become restless as I know the importance of waiting patiently.",अपेक्षित काम वेगाने होत नसेल तर संयमपूर्वक वाट बघायची असते हे लक्षात घेऊन मी अस्वस्थ होत नाही.,Composure during execution
"After listening to everyone's opinions, including those of well-wishers, if I have thoughtfully decided what to do, I continue the work without changing it. I ensure that others feel their suggestions are acknowledged appropriately.","सर्वांची मते ऐकून, अगदी कल्याणमित्रांचीही मते ऐकून, मला जे करायचे आहे ते विचारपूर्वक ठरलेले असेल, तर काम न बदलता चालू ठेवतो. इतरांच्या सूचनांची योग्य पद्धतीने दखल घेतल्याचे त्यांना जाणवेल असे पाहतो.",Composure during execution
I can work with the same excellence even without sleep for two consecutive days.,"सलग दोन दिवस झोप न घेता, रोजचे काम त्याच उत्तमतेने करता येते. ",Physical Self-reliance
"Whenever necessary, I can take rest or sleep in the required amount.",आवश्यक तेव्हा आवश्यक तेवढी झोप / विश्रांती योग्य त्या प्रमाणात घेऊ शकतो.,Physical Self-reliance
I perform actions that test or stretch my physical capacity.,शारीरिक क्षमता ताणल्या जातील अशा कृती करतो.  ,Physical Self-reliance
I regularly follow a diet that is appropriate for me.,मला योग्य होईल असा आहार नियमितपणे घेतो.,Physical Self-reliance
"Even when I am tired, I can work with the necessary enthusiasm.",शरीर थकले तरी आवश्यक त्या उत्साहाने मला काम करून घेता येते.,Physical Self-reliance
I can talk in front of any (small / big) group of people,"गटासमोर (मोठ्या, छोट्या) बोलता येतं. ",Communication skills
"During one on one conversations, I can convey my own thoughts and feelings and also understand the feelings and thoughts of others.",वैयक्तिक संवाद करून स्वत:च्या विचार व भावना पोचवता येतात व दुसऱ्याच्या भावना व विचार समजून घेता येतात. ,Communication skills
I listen to all kinds of things attentively and understand them well.,"सर्व प्रकारच्या गोष्टी उत्तम रीतीने ऐकतो, समजून घेतो.",Communication skills
I can express to others the difficulties they have caused without hurting them.,दुसऱ्यामुळे तयार झालेल्या अडचणी त्या व्यक्तीला न दुखवता सांगतो.,Communication skills
"If someone is quiet in a group, I encourage him/her to speak.",गटामध्ये कुणीतरी शांत बसले असेल तर त्यांना बोलण्यासाठी उद्युक्त करतो. ,Communication skills
"I am able to express what others feel, or want to say, in my own words.",मला दुसऱ्याच्या भावना अथवा त्यांना काय वाटतंय ते आणि त्यांना काय म्हणायचं आहे ते सर्व माझ्या शब्दात मांडता येते.,Communication skills
I pay careful attention to body language during conversations.,मी संभाषणांमध्ये देहबोलीकडे काळजीपूर्वक लक्ष देतो.,Communication skills
"I try to respond in an appropriate manner even if someone asks a ridiculous or inappropriate question,",कोणीही कितीही हास्यास्पद / अयोग्य प्रश्न विचारले तर त्याला योग्य पद्धतीने उत्तर द्यायचा प्रयत्न करतो.,Responsibility and Ownership
I prioritize work in such a way that it not only causes the least trouble to othersm but also positively benefits them.,इतरांची कमीतकमी अडचण व जास्तीत जास्त फायदा होईल अशा पद्धतीने कामाचा प्राधान्यक्रम ठरवतो.,Responsibility and Ownership
I believe everyone in society has the right to gain information about my work.,माझ्या कामाबद्दल माहिती मिळण्याचा अधिकार समाजातील सर्वांना आहे असे मला वाटते.,Responsibility and Ownership
"I, on my own initiative - not because someone asks me to, personally share information about my work and future plans with all relevant individuals.",माझ्या कामाची माहिती व पुढचे नियोजन आवश्यक त्या सर्व व्यक्तींना मी स्वत:हून सांगतो.,Responsibility and Ownership
"If I or anyone in the group falls short of what is expected of us about our work, I take and fulfill the responsibility on behalf of the group to make improvements, seeking help from others, wherever necessary.","स्वत: अथवा गटातील कोणी कामात कमी पडले तर सुधारणा करण्याची जबाबदारी गटाच्या वतीने, आवश्यक तिथे कोणाचीही मदत घेऊन पार पाडतो.",Responsibility and Ownership
"I offer help and encouragement to ensure that work-plans of others too are carried out effectively, or insist - in an appropriate manner - that this happens.",इतरांचे नियोजनही चांगल्या प्रकारे पार पाडावे यासाठी मी मदत व प्रोत्साहन देतो वा योग्य पद्धतीने आग्रहही धरतो.,Responsibility and Ownership
I willingly take on new responsibilities and challenges.,नवीन जबाबदाऱ्या व आव्हाने आवर्जून स्वीकारतो.,Responsibility and Ownership
I enjoy working in a team.,गटामध्ये काम करताना आनंद वाटतो.,Organization orientation
I share with the team what I have learned and experienced while working.,"काम करताना जे शिकायला मिळालं, अनुभवलं ते गटासोबत share करतो.",Organization orientation
"When doing any task, I think about how to involve others in it.",एखादे काम करताना दुसऱ्या व्यक्तीला त्यात कसे सामवून घेता येईल याचा विचार करतो.,Organization orientation
"Even if others make a mistake, I can handle it calmly and can get them to correct it without making them angry (about themselves or others).",इतरांची चूक असेल तरी मला त्यांना सांभाळून घेता येते व त्यांना राग न येऊ देता त्यांच्याकडूनच दुरुस्त करून घेता येते.,Organization orientation
"I believe as a group we should take on new challenges, develop new skills, and learn together.","समूहाने मिळून नवीन आव्हाने स्वीकारावीत, नवीन कौशल्ये विकसित करावी, शिकावी, असे वाटते.",Organization orientation
"Whenever needed, I prioritize the group's work first, giving my own tasks secondary importance.",जेव्हा जेव्हा गरज असेल तेव्हा माझ्या कामांना दुय्यम प्राधान्य देऊन गटाची कामे मी आधी मार्गी लावतो.,Organization orientation
I can inspire the group members by showing them a common goal or by directing their focus toward the already set objective.,गटातील सदस्यांना एक सामायिक उद्दिष्ट दाखवून प्रेरित करू शकतो. किंवा आधीच ठरलेल्या उद्दिष्टाकडे गटाचे लक्ष वेधू शकतो.,Team building skills
I can create a plan that ensures everyone in the group is inspired by a shared history or heritage.,गटातील सर्वांना समान इतिहास / वारसा यातून प्रेरणा राहिल अशी योजना करू शकतो.,Team building skills
I can appreciate the qualities of the members in the group.,गटामधील सदस्यांचे गुणग्रहण करू शकतो.,Team building skills
"I am aware of what is happening in the lives of the group members, and I rush to help them whenever they are in need.",गटातील सदस्यांच्या आयुष्यात काय घडत असते या बद्दल मला माहिती असते व गटातील सदस्यांच्या गरजेच्या प्रसंगी मी मदतीला धावून जातो.,Team building skills
I am aware of who should do what sort of work in a group.,गटामध्ये कोणते काम कोणी करावे याची जाणीव असते.,Team building skills
I can work enthusiastically with colleagues who are of different ages and have different thoughts and personalities.,"आपल्याहून कमी किंवा जास्त वयाच्या, तसेच वेगवेगळ्या विचार व स्वभाव असणाऱ्या सहकाऱ्यांसोबत उत्साहाने काम करता येते.",Team building skills
"Rather than seeking dominance in the group, I take the initiative, accept help or guidance from others, and get the work done with the group's support.","गटावर माझेच वर्चस्व पाहिजे असे न वाटता कोणाचीही मदत वा मार्गदर्शन स्वीकारून, मी पुढाकार घेऊन गटाकडून काम करून घेतो.",Team building skills
I take on the responsibility of leading the group.,स्वतः गटाचे नेतृत्व करण्याची जबाबदारी घेतो.,Team building skills
"After deciding the objectives, I can understand its effects on the surrounding situation.",उद्दिष्ट काय ठरवले असता त्याचा आजूबाजूच्या परिस्थितीवर काय परिणाम होईल हे समजते. ,Planning skills
I understand how to divide a goal into necessary sub-goals and how to gather the resources and organize the persons who will be required to achieve such a goal.,उद्दिष्टाचे आवश्यक तेवढे टप्पे करून त्यासाठी काय साधने व कोणत्या प्रकारची माणसे जोडून घ्यायला लागतील असे मला समजते. ,Planning skills
I am ready with multiple options for executive actions in each phase of a goal.,उद्दिष्टाच्या प्रत्येक टप्प्यासाठी कृतींचे विविध पर्याय गरजेप्रमाणे माझ्याकडे तयार असतात. ,Planning skills
I plan the tasks and actions in such a way that they can have impacts in multiple ways.,एकाच कामामधून अधिकाधिक प्रकारचे परिणाम साधता येतील अशी मी कृतींची कामाची आखणी करतो. ,Planning skills
"Before initiating any action, I organise all necessary resources and prepare the mindset of the concerned team.",कोणत्याही प्रकारची कृती प्रत्यक्ष सुरू करण्यापूर्वी त्यासाठी साधनांची जुळवाजुळव व माणसांची मानसिक पूर्वतयारी करतो. ,Planning skills
"At any particular instant, I have clarity in thought about the work to be done in a given specific period.",ज्या त्या क्षणी विशिष्ट कालावधीमध्ये मी काय काम करणार आहे याबद्दल माझा विचार स्पष्ट असतो. ,Planning skills
"I start planning only after knowing about complete details about the qualities of the people working with me, and about the availability of all kinds of resources.",माझ्याबरोबर काम करणाऱ्या लोकांचे गुण व सर्व प्रकारच्या साधनांची उपलब्धता ह्याची पूर्ण माहिती मिळवून मगच नियोजनाला सुरुवात करतो. ,Planning skills
I can squeeze in one more side-task between already two ongoing tasks.,मला दोन कामांच्या वेळामध्ये तिसरे काम घुसवून पूर्ण करता येते. ,Planning skills
"I keep a mechanism ready to check whether the work is being done properly, or whether the desired results are being achieved, and my colleagues are aware of it.",काम योग्य प्रकारे चालू आहे अथवा नाही किंवा इष्ट परिणाम साधला जातो आहे  अथवा नाही हे तपासण्याची रचना माझ्याकडे तयार असते व सहकाऱ्यांना ती माहिती असते. ,Execution skills
"I coordinate to bring seniors, juniors, and colleagues on same page regarding where to take concessions in work, where to enforce discipline, and where to encourage innovativeness when carrying out a work.","कामात कुठे सवलत घ्यायची, शिस्तीने जसे ठरले आहे तसे कुठे करायचे व कुठे नाविन्यास प्रोत्साहन द्यायचे ह्या बाबतीत वरिष्ठ, कनिष्ठ व सहकारी ह्यांच्यात समन्वय साधतो.",Execution skills
I can easily delegate the work to others.,इतरांना कामाची सोपवणूक (delegation) सहजपणे करतो. ,Execution skills
I keep ready a list of extra tasks to be carried out at the present instant and in the future.,वर्तमान व भविष्यकाळात विविध टप्प्यावर करावयाच्या कामाची गरजेपेक्षा जास्त यादी तयार असते.,Execution skills
I can immediately prioritize the items in the work list.,कामांच्या यादीतील कामांचा प्राधान्यक्रम मला त्वरित ठरवता येतो.,Execution skills
I don't evade pre-determined work.,ठरवलेल्या कामाची टाळाटाळ मी करत नाही. ,Execution skills
"If a decision needs to be taken on an urgent basis while some execution is being done, I do so without wasting time.",कार्यवाहीमध्ये ऐन वेळी निर्णय घ्यायला लागले तर मी वेळ न घालवता ते घेऊन टाकतो. ,Execution skills
"Once my schedule is set, I have clarity about when should I change it and when I shouldn't change it.",माझे वेळापत्रक एकदा ठरले की मी त्यात कधी बदल करायचा व कधी बदल करायचा नाही ह्याची स्पष्टता मला असते. ,Execution skills
I can make my own decisions and I have clarity about when I Should change my decision and when I shouldn't.,स्वतःचे निर्णय स्वतः घेऊ शकतो व अशा निर्णयामध्ये कधी बदल करायचा व कधी बदल करायचा नाही ह्याची स्पष्टता मला असते. ,Execution skills
"If I am convinced about a work, I can do it for any duration and any number of times.",मला जर पटले तर मी काम कितीही वेळ व कितीही वेळा करू शकतो. ,Execution skills
"No matter how many tasks someone else asks me to do, I can get them done alongside my other work.",मला दुसऱ्याने कितीही कामे सांगितली तरी ती इतर माझ्या कामासोबत करून टाकता येतात.,Execution skills
I can take help of any person as per the needs of the task,कामाच्या गरजेनुसार कोणत्याही व्यक्तींची मदत मी कामात घेतो.,Resourcefulness
"I do not get convinced, without proper reasoning, that a task cannot be done.","एखादे काम होणार नाही हे मला शक्यतो, योग्य कारणमीमांसा केल्याशिवाय, पटतच नाही.",Resourcefulness
"I know about of how different people have accomplished tasks in various situations, and I explore different options to get the work done.",विविध परिस्थितींमध्ये वेगवेगळ्या व्यक्तींनी कशी कामे घडवली हे मला माहिती असते व मीही काम होण्यासाठी विविध पर्याय वापरत राहतो.,Resourcefulness
"If I do not get along with someone, I convey my point to that person with the help of a third person and get their cooperation in the work.","माझे एखाद्या व्यक्तीशी पटत नसल्यास, त्या व्यक्तीपर्यंत माझा मुद्दा मी तिसऱ्या व्यक्तीची मदत घेऊन पोचवतो व तिचे सहकार्य मी कामात मिळवतो.",Resourcefulness
I constantly arrange to present supplementary opportunities to my work/ goals.,माझी कामे / उद्दिष्टे यांना पूरक संधी आणण्याची व्यवस्था मी सतत करत असतो.,Resourcefulness
I am able to give someone some work so that they engage happily in it.,मी कोणत्याही व्यक्तीला काम देऊन कामात आनंदाने गुंतवू शकतो.,Resourcefulness
I can easily convince anyone that I can rectify my mistake(s).,माझी चूक असेल तर मी ती दुरुस्त करेन हे मी समोरच्याला सहज पटवून देऊ शकतो.,Resourcefulness
"I connect even those who have completely different goals or tasks with my work, or I ensure that my contribution continues in their work.","एकमेकांपासून पूर्णपणे वेगळी उद्दिष्टे वा कामे असणाऱ्यांनाही मी माझ्या कामाशी जोडून घेतो किंवा त्यांच्या कामात माझे योगदान होत राहील याची काळजी घेतो,",Resourcefulness
"If I get a rejection, I try to change the opinion of the person who rejected it, and after their rethinking, I see that the work will be completed.","मला नकार मिळाल्यास, तो नकार देणाऱ्या व्यक्तीचे मतपरिवर्तन होईल यासाठी मी प्रयत्न करतो व त्याच्याकडून होकार मिळाल्यावर काम साध्य होईल असे पाहतो. ",Resourcefulness
I don't wait for someone to assign me me some tasks.,मी कोणीतरी कामे सांगण्याची वाट पाहात नाही.,Spontaneity/Initiative
"If my friends are sitting in leisure, I take them with me to do some new job.",माझे मित्र स्वस्थ बसले असतील तर मी त्यांना सोबत घेऊन कोणता तरी नवाच उद्योग मी करतो.,Spontaneity/Initiative
I can easily elaborate about anything I did in last three months and reasons thereof.,गेल्या तीन महिन्यात मी काय काय केले व का केले हे मी सहज सांगू शकतो.,Spontaneity/Initiative
"If there is a fight, I attempt to resolve it",भांडणे झाली तर मी सोडवायला जातो. ,Spontaneity/Initiative
"Even when many people oppose my opinions, I stand by my opinions and ensure that what is pre-determined happens.",माझ्या मतांचा अनेकांनी विरोध केला असताना सुध्दा मी माझ्या मतावर ठाम राहून जे ठरले असेल ते घडवून आणतो. ,Spontaneity/Initiative
"I can work with eight to ten persons simultaneuously, and I can satisfy their queries while doing so.","मला एकाच वेळी आठ ते दहा जणांची कामे हाताळता येतात, व त्यांना मी उत्तरे देत राहू शकतो.",Multi-tasking ability
"I know about happenings in the lives of more than 20 people, and 
I constantly help them in any manner, as required.",मला २० हून अधिक व्यक्तींच्या आयुष्यात काय काय चालू आहे हे व्यवस्थित माहिती असते व त्यांना मी जी मदत करणे गरजेचे असते ती मी करत असतो.,Multi-tasking ability
"While working throughout the day, I constantly think about other 
things, and I am aware of such thinking.",दिवसभरातून कोणतेही काम करत असताना सतत मी एका बाजूला स्वतः इतर गोष्टींचा विचार करतो आणि त्याबद्दलची जाणीव मला असते. ,Multi-tasking ability
"I can quickly switch to another task with the same level of involvement, without reducing the intensity of my commitment to the current one.",माझी एका कामातील गुंतवणुकीची तीव्रता कमी न करता पटकन दुसऱ्या कामाकडे तेवढ्याच गुंतवणुकीसह मोहरा वळवता येतो.,Multi-tasking ability
"I can keep track of what everyone in the team is doing, stay updated on what's happening, and create a plan to ensure they don't encounter any problems.","गटातला प्रत्येक जण काय करतो आहे, काय चाललं आहे याकडे मला लक्ष देता येते व त्यांना येऊ घातलेली अडचण येणारच नाही अशी योजना मी करू शकतो. ",Multi-tasking ability
"I am aware of the changes that could be beneficial or detrimental to the individual, family, institution, or society.",व्यक्ती/ कुटुंब / संस्था / समाजातले कोणते बदल उपयोगाचे किंवा उपद्रवाचे ठरणार आहेत याबद्दल मला जाणीव असते.,Multi-tasking ability
I connect important historical events in various fields to the present as per the needs.,विविध क्षेत्रांमधील महत्त्वाच्या ऐतिहासिक घटनांचा वर्तमानकाळाशी संबंध मी गरजेप्रमाणे जोडतो.,Multi-tasking ability
I enjoy meeting new people and trying new things.,"मला नवनवीन व्यक्तींना भेटणे व नवनवीन कामाच्या पद्धती, प्रयोग समजावून घेणे आवडते. ",Innovation
I love learning new things about other people's valour / achievements / endeavours.,इतरांच्या पराक्रमाच्या नव्या नव्या गोष्टी समजून घ्यायला मला आवडतात. ,Innovation
"When a new opportunity arises, I first consider why it should be pursued, how and when it can be done, and only then do I think about the potential difficulties.","नवीन संधी आल्यावर ती का घेतली पाहिजे व कशी आणि कधी घेता येईल, हा विचार मी आधी करतो, आणि त्यानंतरच संभाव्य अडचणींचा विचार करतो.",Innovation
I predict about what will not continue to happen in the future.,"जे चालू आहे, त्यातील भविष्यकाळात काय टिकणार नाही याचे मी अंदाज बांधतो.",Innovation
I can unnoticeably amalgamate new things with old things.,नवीन गोष्टी जुन्या गोष्टींमध्ये बेमालुमपणे मिसळून टाकणे मला जमते.,Innovation
I can come up with 100-150 ideas in 10-15 minutes on any topic.,कोणत्याही विषयावर मला १००-१५० कल्पना १०-१५ मिनिटात सुचू शकतात.,Creativity
"I can use the ideas suggested by others, either directly or with some modifications.",दुसऱ्याने कल्पना सुचवल्या सुचवल्या ती थेट अथवा थोडेसे बदल करून मला वापरता येते. ,Creativity
I constantly study the innovative work done in diverse fields.,विविध क्षेत्रांमधील कल्पक कामांचा मी सतत अभ्यास करतो.,Creativity
I can apply the work methods from one field to any other field.,एखाद्या विशिष्ट क्षेत्रातील कामाची पद्धत मला दुसऱ्या कोणत्याही क्षेत्रात वापरता येते.,Creativity
"I understand the problems that may come up in achieving the goals, and how different approaches will be needed to solve them.","उद्दिष्टं गाठण्यात कोणकोणत्या समस्या येतील व त्यातल्या कोणत्या सोडवण्यासाठी नेहमीपेक्षा वेगळे मार्ग वापरावे लागतील, हे मला समजते.",Creativity
"I employ creativity at every stage of problem-solving in such a way that the problem feels accessible to everyone, the solution is understood and accepted by all, it is solved with minimal tools and effort, and the method is appreciated by everyone.","समस्या सर्वांच्या जिव्हाळ्याची असणे, तिचे उत्तर सर्वांना पटेल व पचेल असे मिळवणे, ती कमीतकमी साधने व कष्ट वापरून सुटेल व कार्यपद्धतीही सर्वांना आवडेल अशा पद्धतीने समस्यापरिहाराच्या सर्व टप्प्यांवर मी प्रतिभा वापरतो.",Creativity
"Even if a task is completed perfectly, I still feel a little dissatisfied and immediately start imagining how to do it even better next time.",एखादे काम अगदी अचूकपणे पूर्ण झाले तरी मला थोडेसे असमाधान असतेच व पुढच्यावेळी ते काम अजून उत्तम कसे होईल याची कल्पना करणे मी लगेचच सुरु करतो.,Ambition/Grandeur
After seeing the achievements of others I immediately start thinking about what I should do to achieve the same thing .,इतरांनी केलेल्या पराक्रमाने मी सुद्धा तसा पराक्रम करण्यासाठी काय काय केले पाहिजे असा लगेच विचार सुरु करतो.,Ambition/Grandeur
I can present the steps/stages of how to increase a scale of work by 10 times.,एखादे काम दहापटींनी वाढवायचे कसे याच्या पायऱ्या / टप्पे मला मांडता येतात.,Ambition/Grandeur
I never bother about starting a task no matter how small it is. I gradually make it bigger.,एखादे काम सुरू करताना ते कितीही छोट्या प्रमाणात सुरू झाले तरी मला अडचण नसते. ते काम मी हळू हळू मोठे करत जातो.,Ambition/Grandeur
I know about the challenges which are beyond my current strengths and capabilities and I keep some room in my task lists to gain any opportunity to engage with such challenges.,माझ्या सध्याच्या ताकदीच्या किंवा क्षमतेच्या थोडी पलीकडे असणारी आव्हाने कोणती हे मला माहिती असते व त्यासाठी माझ्या कामांच्या यादीत संधी ठेवलेली असते.,Ambition/Grandeur
"Instead of thinking only about my individual level, I think about what bigger goals can be achieved by using the capabilities of many (20/50/100, etc.) people.",फक्त माझ्या एकट्याच्या पातळीवरचा विचार न करता मी अनेक (२०/५०/१०० इ.) लोकांच्या क्षमता वापरून काय मोठे ध्येय गाठता येईल असा विचार करतो ,Ambition/Grandeur
I constantly study the history and qualities of successful countries/persons/organizations using various sources.,यशस्वी देश / व्यक्ती / संघटना यांच्या इतिहासाचा व गुणांचा मी विविध स्रोत वापरून सतत अभ्यास करतो.,Ambition/Grandeur
"I respond to the events happening against my will, by proactively taking actions.",मनाविरुद्ध घडणाऱ्या घटनांना मी कृतिरूप प्रतिसाद देतो,Intolerance of injustice
I am aware of the neglected sections of society and am proactive in ensuring they receive special opportunities.,समाजातील उपेक्षित घटकांबद्दल मला माहिती असते व त्यांना विशेष संधी मिळाव्यात यासाठी मी आग्रही असतो.,Intolerance of injustice
I take the opportunity to participate in incidental hunger strikes or marches being organized for social cause.,"सामाजिक प्रश्नासाठी सुरु असलेल्या उपोषण, मोर्चा या मध्ये मी संधी घेऊन सहभागी होतो.",Intolerance of injustice
"To solve local issues, I have met with corporators and lawmakers and used ways like sending letters, making representations and requests, and using RTI.","स्थानिक प्रश्नांना वाचा फोडण्यासाठी मी नगरसेवक,आमदार यांची भेट घेणे; प्रतिनिधित्व, पत्रव्यवहार , RTI या सारखे पर्याय वापरून पाहिले आहेत.",Intolerance of injustice
I personally feel saddened by the wrong things happening in the society.,समाजातील अनिष्ट गोष्टींमुळे मला व्यक्तिश: दुःख होते.,Intolerance of injustice
I can identify when injustice is happening and I make an effort to find out the reasons behind it.,मला अन्याय घडतोय हे ओळखता येते व त्या मागची काय कारणे असतील हे मी शोधून काढतो. ,Intolerance of injustice
I openly express my opinion against injustice in front of everyone.,मी अन्यायाविरोधात स्पष्टपणे माझे मत सर्वांसमोर व्यक्त करतो. ,Intolerance of injustice
"As soon as I see something wrong happening, I immediately start working to stop it.",मला चुकीच्या गोष्टी घडताना दिसल्या की त्या थांबवण्यासाठी मी लगेच काम सुरू करतो.,Intolerance of injustice
I am aware of the events happening in society and the reasons behind them.,समाजातील घडणाऱ्या घटना व त्यामागील कारणे मला माहिती असतात.,Protecting social welfare
"Taking into account people's abilities and limitations in relation to the surrounding circumstances, I avoid blaming them unnecessarily and try to understand the challenges they face in their progress.",आजूबाजूच्या परिस्थितीशी संबंधित लोकांच्या क्षमता व मर्यादा यांची जाण ठेवून मी उगाच दोष देणे टाळतो. त्यांच्या प्रगतीतील अडचणी समजून घेतो.,Protecting social welfare
"Instead of forming an opinion – solely from the information received from newspapers and other sources – I find it more important to experience the situation personally, and I do so.",वृतपत्र व अन्य स्रोतांमधून मिळालेली माहिती यातूनच केवळ मत न बनवता स्वत: अनुभव घेणे मला जास्त गरजेचे वाटते व मी तसे करतो.,Protecting social welfare
I take into account every unique social group in society and try to understand opposing or diverse perspectives.,मी समाजातील प्रत्येक गटांचा विचार करतो व परस्परविरोधी बाजू समजून घेतो. ,Protecting social welfare
"I always try to keep in mind that every action, big or small, of mine has some impact on society.",माझ्या छोट्या - मोठ्या सर्व कृतींचा समाजावर काहीतरी परिणाम होत असतो हे मी डोक्यात ठेवतो.,Protecting social welfare
"I do not hold any hatred towards any particular community; instead, I think about what is needed for their progress and what should be done first to achieve that.","मी कोणत्याही विशिष्ट समाजाप्रती द्वेष बाळगत नाही, तर त्यांच्या उन्नतीसाठी काय आवश्यक आहे व त्यासाठी आधी काय झाले पाहिजे याचा विचार मी करतो.",Protecting social welfare
"When I see injustice happening to someone else, I become restless and try to find a solution.",इतर कोणासोबतही अन्याय होताना दिसल्यावर मी अस्वस्थ होऊन त्यावर उत्तर शोधण्याचा प्रयत्न सुरू करतो.,Protecting social welfare
I always complete the work I undertake.,हाती घेतलेले काम मी नेहमी पूर्ण करतो.,Determination
I can move forward with confidence in my own abilities.,स्वतःच्या क्षमतांवर विश्वास ठेवून आत्मविश्वासाने पुढे जाता येते.,Determination
"I have a well-defined daily routine, and I follow it to carry out my work.",माझा दिनक्रम नियमित ठरलेला असतो. त्यानुसार मी काम करतो.,Determination
"I can maintain the intensity with which I resolve something, till the goal is achieved.",मी ज्या तीव्रतेने निर्धार केला होता ती तीव्रता निर्धार पूर्ण होईपर्यंत राखता येते. ,Determination
"I can complete my work by finding appropriate alternatives for tools, people, and methods, and by getting the cooperation as I need.","साधने, व्यक्ती, पद्धती यांना पर्याय शोधून व हवे तसे सहकार्य मिळवून मला माझे काम पूर्ण करता येते.",Determination
I can complete a task without making any mess of it by exercising a great restraint to not rush the completion of the task.,मला पुष्कळ संयम ठेवून एखादे काम घाईमुळे न बिघडवता पूर्ण करून घेता येते.,Determination
"Regardless of how much people try to convince me otherwise or oppose my work, I can fearlessly carry out what I have decided.","लोकांनी कितीही उलट-सुलट पटवायचा प्रयत्न केला किंवा माझ्या कामाला विरोध केला तरी मी जे स्वीकारले आहे, ते मला निर्भयपणे पार पाडता येते.",Determination
"Rather than just catering to act on my whim, I prioritize working based on the long-term impact of the work.",मी जे वाटेल ते काम करण्यापेक्षा कामाचा दीर्घकालीन परिणाम पाहून काम करण्याला महत्त्व देतो.,Goal orientation
I ensure that my work proves to be useful for others.,माझे काम इतरांना उपयुक्त व्हावे याची काळजी मी घेतो.,Goal orientation
I strive to ensure that my work continues even in my absence.,माझे काम मी नसतानाही चालू राहावे यासाठी प्रयत्न करतो.,Goal orientation
"My life goals, career goals, academic goals, and personality development goals are aligned with each other and with my other hobbies and preferences.","माझे जीवनध्येय (Life goal), जीविका ध्येय (career goal), शैक्षणिक ध्येयं (academic goals) व व्यक्तिमत्त्व विकसन ध्येय (personality development goals) यात एकमेकांमध्ये व माझ्या एकूण आवडीनिवडींमध्ये समन्वय असतो.",Goal orientation
"I can present the historical background, current impact, and the potential outcome 10-15 years from now for any task.","मी कोणत्याही कामाची ऐतिहासिक पार्श्वभूमी, सध्याचा परिणाम व १०-१५ वर्षांनंतर होणारा परिणाम यांच्याबद्दल मांडणी करू शकतो.",Goal orientation
I focus on the intended impact of an activity or event rather than the nature of the activity undertaken.,मी उपक्रम कोणता झाला या पेक्षा परिणाम जो हवा होता तो झाला की नाही याला प्राधान्य देतो.,Goal orientation
"Rather than changing a person when work doesn't succeed, where possible, I focus on enabling the person to learn the required lessons, so that they may complete the tasks themselves.","प्रत्येक वेळी काम होत नाही म्हणून व्यक्ती बदलण्यापेक्षा, जिथे शक्य आहे तिथे, मी व्यक्तीचे शिक्षण होण्याला प्राधान्य देतो.",Goal orientation
"I determine the success or failure of a task based on how much the goal was achieved, rather than focusing on how I was benefitted.",मला काय मिळते या पेक्षा ध्येयपूर्ती किती प्रमाणात झाली यावरून मी उपक्रमाचे यशापयश ठरवतो.,Goal orientation
I write down dreams and make estimates for what I will do in the next 5 years.,पुढच्या ५ वर्षात मी काय करणार आहे यासाठी मी स्वप्ने लिहितो व काही अंदाज मांडतो.,Future planning skills
"In the fields I work in, I have an understanding of significant historical events and individuals, institutions, organizations, or other factors capable of bringing about the change.","मी ज्या ज्या क्षेत्रांमध्ये काम करत आहे, त्यातील महत्त्वाच्या ऐतिहासिक घटनांची व बदल घडवण्याची क्षमता असणाऱ्या व्यक्ती / संस्था / संघटना वा अन्य घटकांची मला कल्पना असते.",Future planning skills
"I can visualize how an event might unfold or how a goal might be achieved, and I have a clear understanding of the steps required to achieve that goal.","एखादी घटना कशी कशी घडत जाऊ शकते / एखादे उद्दिष्ट कसे कसे पूर्ण होऊ शकते, याबद्दल मला अंदाज मांडता येतो. ते उद्दिष्ट साध्य करण्याच्या पायऱ्या मला स्पष्ट असतात.",Future planning skills
"If a task isn't proceeding as planned or a goal is not being reached, I can quickly devise an alternative approach or schedule.",अमुक एका प्रकारे काम होणार नसेल किंवा उद्दिष्ट गाठले जाणार नसेल तर पर्यायी मार्ग किंवा वेळापत्रक मला लगेच तयार करता येते.,Future planning skills
I can gather the necessary resources by exploring diverse opportunities worldwide.,जगभरातील विविध संधींचा शोध घेऊन आवश्यक त्या गोष्टींचा स्वीकार मला करता येतो.,Future planning skills
"I can easily categorize tasks that I will undertake in the next 10 minutes, throughout the day, week, month, year, and 5-6 years, and I can quickly identify the interconnections between tasks at various levels.","पुढच्या १० मिनिटांमध्ये, दिवसभरामध्ये, आठवड्याभरामध्ये, महिन्याभरामध्ये, वर्षभरामध्ये व ५-६ वर्षांमध्ये मी काय काय करणार आहे अथवा मला काय काय करावे लागणार आहे अशा कामांची वर्गवारी मला सहजपणे करता येते व अशा विविध पातळ्यांवरील कामांमधील परस्पर संबंध मला सहजपणे शोधता येतो,",Future planning skills
I am aware of my life goals and continuously keep on adoting necessary steps to achieve them.,माझे जीवनध्येय मला माहिती आहे व ते गाठण्यासाठी आवश्यक ते नियोजन मी सतत करत असतो.,Future planning skills
"Even if I have to manage my time rigorously, I make sure to set aside specific time to complete my tasks.",जरी मला वेळेची खूप कसरत करावी लागत असेल तरी मी माझं काम पूर्ण करण्यासाठी ठरावीक वेळ काढतो.,Consistency/Persistence
"I plan my time well for regular activities such as worship, exercise, reading, and other hobbies alongside my work.","कामासोबत नियमित उपासना, व्यायाम, वाचन, इतर छंद यासाठी वेळेचे नियोजन बऱ्यापैकी चांगले केलेले असते.",Consistency/Persistence
I can make the necessary plans to either complete tasks left out of a schedule or restore a disrupted plan to its original state.,एखाद्या नियोजनानुसार राहून गेलेली कामे होण्यासाठी वा बिघडलेले नियोजन पूर्ववत आणण्यासाठी मला आवश्यक ती योजना करता येते.,Consistency/Persistence
"I am aware that every day, every moment is important, and because of that, I am always looking for new things to do.","प्रत्येक दिवस, प्रत्येक क्षण महत्वाचा आहे याची जाणीव मला असते व त्यामुळे मी सतत नवीन काय करायचे याचा शोध घेत राहतो.",Consistency/Persistence
"I understand that change happens through small, regular efforts, not all at once, and I try to plan my goals and tasks accordingly.","एका झटक्याने नाही, तर थोड्या थोड्या नियमित प्रयत्नांनी बदल होतो हे मला समजते व त्याप्रमाणेच मी उद्दिष्ट व उपक्रमांचे नियोजन करण्याचा प्रयत्न करतो.",Consistency/Persistence
I have well set mechanism to continue efforts or follow-up on actions that are not yielding immediate / expected response.,प्रतिसाद मिळत नसलेल्या कृतीतही प्रयत्न / पाठपुरावा चालू ठेवण्याची रचना मी बसवलेली असते.,Consistency/Persistence
I incorporate previously missed tasks back into my plans.,पूर्वी राहून गेलेली कामे नव्याने नियोजनात मी आणतो.,Consistency/Persistence
"When friends, relatives, or acquaintances face a problem, first thing that comes to my mind is about the ways in which I can help them.","मित्र, नातेवाईक, परिचित अशा वर्तुळातील कोणालाही अडचण आली तर काय मदत करता येईल असा विचार माझ्या मनात पहिल्यांदा येतो.",Concern
"Even when someone from any social group makes an upsetting statement, I first try to understand what their distress might be.",कोणत्याही समाजगटातील व्यक्तींनी चीड येईल असे वक्तव्य केले तरी सुरुवातीला त्यांचे दु:ख काय असेल असे शोधावेसे वाटते.,Concern
I seek opportunities to provide financial or time-based help to marginalized groups in society.,माझ्याकडून आर्थिक अथवा वेळेची मदत समाजातील उपेक्षित घटकांना व्हावी यासाठी मी संधी शोधतो.,Concern
I am constantly reflecting on the areas where the country should make progress.,"देशाची प्रगती कोणकोणत्या क्षेत्रांमध्ये व्हावी, यासाठी माझे सतत चिंतन चालू असते.",Concern
"I constantly reflect on the present, past, and future enemies of society, their internal and external aspects, and how to bring about a change in the mindset of internal enemies and resist external enemies.","समाजाचे आजचे, कालचे आणि उद्याचे शत्रू कोण; त्यातले अन्तर्गत व बाह्य कोण; अन्तर्गत शत्रूंचे मतपरिवर्तन व बाह्य शत्रूंचा प्रतिकार कसे करायचे यासाठी याचा अभ्यास व चिंतन चालू असते. ",Concern
"I believe it is more important to focus on how the majority of people in society will accept something, rather than whether it is logically right or wrong.",एखादी गोष्ट तार्किकदृष्ट्या बरोबर आहे का नाही यापेक्षा समाजातील अधिकाधिक लोकं कशी स्वीकारतील यासाठी प्रयत्न करणे अधिक महत्त्वाचे वाटते.,Social orientation
"Despite any flaws, the feeling that ""they are our own people"" remains in my mind.",दोष असले तरी आपलेच लोक आहेत ही भावना सतत मनात असते.,Social orientation
"I feel a strong desire to communicate with people who follow different traditions, methods, or thoughts but work towards unity.","समाजातील माझ्यापेक्षा वेगळ्या परंपरा, पद्धती अथवा विचारांनी वागणाऱ्या परंतु एकात्मतेसाठी काम करणाऱ्या कोणत्याही माणसाशी संवाद साधण्याची भूक मला असते.",Social orientation
"I am curious about and experience history, geography, art, science, methods, and traditions.","इतिहास, भूगोल, कला, शास्त्र, पद्धती, रीती या सर्वांबाबत कुतुहल असणे व अनुभव घेणे असे मी करतो.",Social orientation
"I know how to bring about a new form for the country, which changes to bring, and the efforts required for it. I also consider how my role will support others’ efforts.","देशाचे रूप नव्याने कसे आणायचे, कोणते आणायचे व त्यासाठी कोणते प्रयत्न करायचे हे मला माहिती असते. तसेच इतरांच्या प्रयत्नांनाही माझी भूमिका अनुकूल कशी असेल हे मी पाहतो.",Social orientation
"Once something is achieved, I have a desire to make it happen repeatedly and on a larger scale.",ठरवलेले गाठले की ते पुन्हा पुन्हा व आणखी मोठ्या प्रमाणात घडावे अशी भूक मला लागते.,Competitive spirit/Will to win
"If something hasn't worked out as planned, I try to find new solutions without getting discouraged.",ठरवलेले झाले नाही की खच्ची न होता नवीन उपाय शोधायचा प्रयत्न करतो,Competitive spirit/Will to win
"Even if the expected outcome didn't occur, I work on how to use the results for future tasks.","अपेक्षित असे घडले नाही, तरी जे घडले त्याचा पुढील कामासाठी उपयोग कसा करता येईल यावर मी काम करतो.",Competitive spirit/Will to win
"I continuously strive to enable others around me to achieve, what I have been able to achieve, on a larger scale.",मला जे करता आले ते माझ्या बरोबरच्या अनेकांना अधिक मोठ्या प्रमाणात करता यावे यासाठी मी सतत प्रयत्न करतो.,Competitive spirit/Will to win
"Instead of saying that work hasn’t been completed due to others, I take responsibility and think about how to ensure that others will be able to complete the work, next time.","इतरांमुळे काम झाले नाही असे कधीही न म्हणता, दोष स्वत:वर घेऊन पुढच्या वेळी इतरांकडूनही काम होईलच कसे याचा विचार मी करतो.",Competitive spirit/Will to win
"I am aware that human history has always ovareall been a story of progress, with adequate references to support my claim.",मानवी इतिहासात सतत प्रगतीच होत आलेली आहे हे मला ससंदर्भ माहिती असते.,Competitive spirit/Will to win
"I am comfortable sharing my true thoughts and feelings with others, even in difficult situations.",अतिशय अडचणीच्या प्रसंगांमध्येही मला माझ्या भावना व विचार इतरांपर्यंत पोचवण्यात अडचण वाटत नाही.,Self-reflection
"I ask for feedback on my actions, work, or behavior","मी माझ्या कृती, कामे अथवा वर्तनाबद्दल प्रतिसाद मागतो.",Self-reflection
I consciously identify and work on my habits or behaviors that I feel are unproductive,ज्या सवयी किंवा वर्तनामुळे माझ्या क्षमतांच्या उपयोजनावर मर्यादा येतात अशा सवयी वा वागणे मी जाणीवपूर्वक शोधून त्यावर काम करतो. ,Self-reflection
I can talk with others about my strengths or virtues by giving incidental examples.,मी स्वत:चे गुण दुसऱ्याला उदाहरणांसह सांगू शकतो. ,Self-reflection
I quickly tell myself about the approriateness of my work and about the other possible ways in which it could have been carried out.,मी केलेले काम किती योग्य झाले व आणखी कोणत्या प्रकारे करता आले असते हे मी स्वत:ला पटकन सांगतो. ,Self-reflection
I ask questions to myself in every decision I make.,माझ्या प्रत्येक निर्णयाबद्दल मी स्वत:ला प्रश्न विचारतो.,Self-reflection
I ask people questions about my strengths or virtues.,स्वतःच्या गुणांबद्दल लोकांना मी प्रश्न विचारतो.,Self-reflection
I ask questions to myself only when people have any doubts regarding me.,लोकांना जर माझ्याबद्दल शंका असेल फक्त तेव्हाच मी स्वतःला प्रश्न विचारतो.,Self-reflection
I quickly adjust my plans when unexpected changes occur,अनपेक्षित असे काही घडल्यास माझे नियोजन मी चटकन बदलतो.,Flexibility
I change My responses as per groups or persons needs,माझे प्रतिसाद मी गटाच्या अथवा व्यक्तीच्या गरजेनुसार बदलतो.,Flexibility
I willingly step out of my comfort zone to try new methods or approaches,नवीन गोष्टी वा पद्धती वापरण्यासाठी माझ्या नेहमीच्या चाकोरीतून मी स्वेच्छेने बाहेर पडतो.,Flexibility
"When working with someone who has a different style or pace, I adjust without compromising the outcome.","जेव्हा इतर कोणाची शैली अथवा कामाचा वेग वेगळा असेल, तेव्हा मी माझ्या कार्यवाहीत आवश्यक ते फेरबदल करतो व जे ठरवले आहे ते गाठले जाईल असे पाहतो.",Flexibility
"If a personal or professional goal becomes unachievable due to unforeseen circumstances, I quickly set a new goal.",माझे वैयक्तिक अथवा व्यावसायिक उद्दिष्ट अकल्पित कारणांमुळे गाठणे शक्य नसल्यास मी चटकन नवीन उद्दिष्ट निश्चित करतो.,Flexibility
"If I'm assigned a task that falls outside my usual expertise, I try to attempt it with confidence and get help if necessary, without feeling insecure.","जर मला माझ्या नेहमीच्या तज्ज्ञतेच्या पलीकडील काही काम मिळाले, तरी मी ते आत्मविश्वासाने पूर्ण करण्याचा प्रयत्न करतो व मदत लागल्यास ती स्वत:च्या मनात असुरक्षिततेची कोणतीही भावना येऊ न देता हक्काने घेतो.",Flexibility
I handle last-minute changes to work or family schedules without feeling frustrated or overwhelmed,कामातील अथवा घरातील नियोजनात करावे लागणारे शेवटच्या क्षणीचे बदल मी कोणताही त्रागा करून न घेता निभावून नेतो.,Flexibility
"When I try a new hobby or activity, I  remain open-minded and patient even if it feels challenging at first",जेव्हा मी एखादी नवीन गोष्ट शिकतो किंवा नवीन छंद जोपासतो तेव्हा मी माझे मन खुले ठेवतो व जरी असे शिकणे आव्हानात्मक किंवा अवघड वाटले तरी मी संयमपूर्वक करतो.,Flexibility
I am ready to face any situation,मी कुठल्याही परिस्थिती साठी तयार असतो.,Flexibility
I can mould myself in a manner so required to help me adjust my work with people and therefore I can work with anybody,लोकांना त्रास होऊ नये म्हणून मी स्वतःमध्ये आवश्यक ते बदल करू शकतो व त्यामुळे वेगवेगळ्या लोकांसोबत काम करू शकतो.,Flexibility
"I set aside dedicated time daily for practices like meditation, prayer, or self-reflection",उपासना / ध्यान अथवा आत्मपरीक्षणासाठी मी दररोज काही वेळ देतो.,Contemplation/Meditation
"I consciously practice gratitude, focusing on the positive aspects of your life.",माझ्या मनात माझ्या आयुष्यातील सकारात्मक गोष्टींकडे लक्ष दिल्यामुळे सतत कृतज्ञतेची भावना असते.,Contemplation/Meditation
"At the end of the day, I reflect on my actions and their outcomes to understand and improve myself",दिवसाच्या शेवटी मी माझ्या कृतींचा व त्यांच्या परिणामांचा आढावा घेऊन त्या सुधारण्याचा प्रयत्न करतो.,Contemplation/Meditation
I contemplate and contextualize my place in the order of the world and try to accept all others' place in my life too.,या जगरहाटीतील माझे नेमके स्थान यावर माझे चिंतन चालू असते व इतरांचे माझ्या आयुष्यातील स्थान हे ही स्वीकारण्याचा मी प्रयत्न करतो.,Contemplation/Meditation
I embrace change as an opportunity for growth rather than seeing it as a problem.,एखाद्या बदलाकडे समस्या म्हणून न पाहता विकासाची संधी म्हणून मी पाहतो.,Adaptability
I stay calm and find solutions when forced to work in an unfamiliar situation,अपरिचित परिस्थिती अथवा वातावरणात काम करण्याचा प्रसंग ओढवल्यावर मी शांत राहून उत्तरे शोधतो.,Adaptability
"If a decision I made turns out to be wrong, I accept it and make necessary changes without hesitation.",मी घेतलेला निर्णय चुकला असे लक्षात आल्यावर मी ते स्वीकारून आवश्यक ते बदल कोणतीही खळखळ न करता करू शकतो.,Adaptability
I quickly pick up new skills or information when the situation demands it.,गरजेप्रमाणे मी नवीन कौशल्य अथवा माहिती पटकन आत्मसात करतो.,Adaptability
"If given a task that requires creativity or a new way of thinking, I willingly experiment with different solutions.",एखाद्या कामात प्रतिभा किंवा नवीन पद्धतीचा विचार करणे गरजेचे असल्यास मी स्वेच्छेने त्याबाबतीत प्रयोग करून नवीन उत्तरे शोधतो.,Adaptability
"When a decision I make does not lead to the desired result, I analyze it without blaming self.",मी घेतलेल्या निर्णयाचा अपेक्षित परिणाम झाला नाही तर स्वत:ला दोष न देता मी त्या निर्णयाचे विश्लेषण करू शकतो.,Ability to separate 'self' from decisions
"When working with a team, I focus on collective success rather than taking personal credit for decisions",गटात काम करताना मी माझ्या निर्णयाचे श्रेय घेत बसण्यापेक्षा गटाच्या यशावर अधिक लक्ष केंद्रित करतो.,Ability to separate 'self' from decisions
"I can separate sense of self-worth from the outcomes of my decisions, whether positive or negative.",माझ्या नजरेतील माझी किंमत ही माझ्या निर्णयांच्या बऱ्या-वाईट परिणामांवर अवलंबून नसते.,Ability to separate 'self' from decisions
"When reviewing the impact of a past decision, I focus on the lessons learned instead of dwelling on mistakes.","पूर्वी घेतलेल्या निर्णयांच्या परिणामांचा आढावा घेताना, त्यात चुका काय झाल्या यावर लक्ष देण्यापेक्षा मी त्यातून काय शिकायला मिळाले यावर लक्ष देतो.",Ability to separate 'self' from decisions
I accept criticism of my decisions without feeling personally attacked,माझ्या निर्णयांवरील टीका ही माझ्या वर टीका आहे असे न मानता मी स्वीकारतो.,Ability to separate 'self' from decisions
I can differentiate between style or personality traits of a person and role that person has to play by virtue of his or her position and I can do the same with myself.,एखाद्या व्यक्तीच्या पदामुळे तिला घ्यावी लागणारी भूमिका आणि त्या त्या व्यक्तीची शैली अथवा स्वभाववैशिष्ट्ये यात मी फरक करू शकतो व स्वत:बाबतीतही अशी स्पष्टता मला असते.,Ability to separate 'self' from decisions